licitacao_contrato,id,data,catmat_id,quantidade,unidade,valor_unitario,valor_total,municipio_uasg,municipio_fornecedor,distancia_uasg_fornecedor
0,822148,2022-01-04,445485,420, ,12.0,5040.0,97012,60011,935.371
0,828392,2022-01-05,445485,28000, ,5.88,164640.0,97012,97012,0.0
0,831618,2022-01-17,445485,2100, ,5.09,10689.0,9210,9210,0.0
0,833472,2022-01-18,445485,360, ,7.7,2772.0,9210,12874,172.788
0,833473,2022-01-18,445485,120, ,7.7,924.0,9210,12874,172.788
0,836082,2022-01-19,445485,2985, ,4.2,12537.0,31054,31054,0.0
0,837151,2022-01-19,445485,1500, ,6.49,9735.0,27855,33910,819.143
0,843327,2022-01-10,445485,1200, ,5.5,6600.0,27855,27855,0.0
0,843350,2022-01-21,445485,150, ,14.0,2100.0,75353,74934,425.147
0,845827,2022-02-02,445485,180, ,8.91,1603.8,81051,80390,67.4845
0,845828,2022-02-02,445485,180, ,8.91,1603.8,81051,80390,67.4845
0,845829,2022-02-02,445485,374, ,12.58,4704.92,81051,80390,67.4845
0,845830,2022-02-02,445485,374, ,12.58,4704.92,81051,80390,67.4845
0,845831,2022-02-02,445485,410, ,10.55,4325.5,81051,80390,67.4845
0,845832,2022-02-02,445485,410, ,10.55,4325.5,81051,80390,67.4845
0,845833,2022-02-02,445485,120, ,9.83,1179.6,81051,80390,67.4845
0,845834,2022-02-02,445485,40, ,10.5,420.0,81051,80390,67.4845
0,845835,2022-02-02,445485,36, ,8.6,309.6,81051,80390,67.4845
0,845836,2022-02-02,445485,36, ,11.22,403.92,81051,80390,67.4845
0,845837,2022-02-02,445485,12, ,11.0,132.0,81051,80390,67.4845
0,845838,2022-02-02,445485,60, ,10.5,630.0,81051,80390,67.4845
0,845871,2022-02-01,445485,889, ,10.35,9201.15,57053,56251,12.2798
0,846073,2022-02-02,445485,2422, ,6.86,16614.9,81051,82333,13.2905
0,846074,2022-02-02,445485,2422, ,6.86,16614.9,81051,82333,13.2905
0,846075,2022-02-02,445485,2422, ,6.86,16614.9,81051,82333,13.2905
0,846076,2022-02-02,445485,2422, ,6.86,16614.9,81051,82333,13.2905
0,846077,2022-02-02,445485,2422, ,6.86,16614.9,81051,82333,13.2905
0,848829,2022-02-07,445485,600, ,12.9,7740.0,91839,0,0.0
0,848836,2022-02-07,445485,140, ,11.0,1540.0,91839,1317,145.916
0,848873,2022-02-07,445485,20115, ,2.85,57327.8,97012,97012,0.0
0,848874,2022-02-07,445485,6285, ,2.85,17912.2,97012,97012,0.0
0,849730,2022-02-08,445485,1000, ,10.1,10100.0,80470,33910,1608.93
0,850160,2022-02-08,445485,3000, ,9.99,29970.0,13897,13897,0.0
0,851328,2022-02-09,445485,1500, ,7.0,10500.0,90670,90670,0.0
0,851513,2022-02-10,445485,2100, ,8.3,17430.0,20516,0,0.0
0,851884,2022-02-04,445485,192, ,10.2,1958.4,81051,80110,29.5032
0,852152,2022-02-10,445485,1860, ,7.18,13354.8,71072,71072,0.0
0,852866,2022-02-11,445485,330, ,8.45,2788.5,38490,0,0.0
0,852981,2022-02-11,445485,4500, ,6.8,30600.0,4278,4278,0.0
0,855095,2022-02-09,445485,3000, ,7.9,23700.0,88013,88013,0.0
0,858739,2022-02-16,445485,360, ,10.0,3600.0,38490,0,0.0
0,859143,2022-02-21,445485,1500, ,10.0,15000.0,71072,71072,0.0
0,859605,2022-02-16,445485,2500, ,4.0,10000.0,17612,17795,15.3331
0,859668,2022-02-17,445485,600, ,5.5,3300.0,17612,17418,18.513
0,859875,2022-02-09,445485,3000, ,7.9,23700.0,88013,88013,0.0
0,861689,2022-02-23,445485,3500, ,5.85,20475.0,12190,12190,0.0
0,861888,2022-02-09,445485,3000, ,7.9,23700.0,88013,88013,0.0
0,862013,2022-02-24,445485,200, ,8.99,1798.0,9210,8036,485.139
0,862080,2022-02-22,445485,500, ,6.99,3495.0,90476,90670,177.54
0,862444,2022-02-24,445485,150, ,7.0,1050.0,9210,0,0.0
0,862457,2022-02-24,445485,40, ,7.0,280.0,9210,1686,182.994
0,862484,2022-02-24,445485,96, ,9.5,912.0,9210,0,0.0
0,862488,2022-02-24,445485,80, ,8.0,640.0,9210,0,0.0
0,862492,2022-02-24,445485,260, ,7.5,1950.0,9210,0,0.0
0,862494,2022-02-24,445485,70, ,8.5,595.0,9210,0,0.0
0,862505,2022-02-24,445485,1080, ,6.45,6966.0,9210,9210,0.0
0,862537,2022-02-24,445485,1440, ,6.21,8942.4,9210,9210,0.0
0,862678,2022-02-09,445485,3000, ,7.9,23700.0,88013,88013,0.0
0,864350,2022-03-03,445485,96, ,10.0,960.0,9210,0,0.0
0,865458,2022-03-03,445485,11640, ,6.5,75660.0,19810,19810,0.0
0,865459,2022-03-03,445485,3877, ,6.5,25200.5,19810,19810,0.0
0,865696,2022-02-18,445485,3840, ,4.0,15360.0,25313,25135,12.5627
0,865949,2022-02-24,445485,4000, ,4.19,16760.0,1074,1074,0.0
0,865950,2022-02-24,445485,1010, ,4.19,4231.9,1074,1074,0.0
0,866056,2022-03-07,445485,240, ,14.0,3360.0,47333,47872,215.513
0,866307,2022-02-09,445485,3000, ,7.9,23700.0,88013,88013,0.0
0,868622,2022-03-09,445485,118, ,11.0,1298.0,81051,80896,144.604
0,868623,2022-03-09,445485,119, ,11.0,1309.0,81051,80896,144.604
0,869056,2022-03-09,445485,3000, ,10.97,32910.0,97012,93734,174.558
0,869057,2022-03-09,445485,600, ,10.97,6582.0,97012,93734,174.558
0,869505,2022-03-09,445485,2000, ,6.4,12800.0,71072,71072,0.0
0,869693,2022-03-09,445485,2500, ,6.0,15000.0,19810,0,0.0
0,870558,2022-03-11,445485,1435, ,9.75,13991.2,93734,93734,0.0
0,871642,2022-03-14,445485,1500, ,11.85,17775.0,25216,31054,412.229
0,872170,2022-03-14,445485,315, ,8.98,2828.7,97012,97330,617.691
0,872439,2022-03-16,445485,5760, ,7.99,46022.4,25313,31054,398.772
0,872857,2022-03-16,445485,4100, ,4.99,20459.0,4278,4154,16.381
0,875904,2022-03-21,445485,1992, ,7.4,14740.8,71072,29394,491.169
0,875905,2022-03-21,445485,3000, ,7.4,22200.0,71072,29394,491.169
0,875906,2022-03-21,445485,800, ,8.0,6400.0,71072,29394,491.169
0,875907,2022-03-21,445485,1000, ,8.0,8000.0,71072,29394,491.169
0,875908,2022-03-21,445485,3600, ,8.0,28800.0,71072,29394,491.169
0,876413,2022-03-18,445485,7200, ,7.12,51264.0,60011,59153,59.8348
0,876653,2022-03-18,445485,11000, ,4.97,54670.0,4154,4154,0.0
0,876998,2022-03-18,445485,720, ,9.8,7056.0,97012,90514,877.77
0,876999,2022-03-18,445485,612, ,9.8,5997.6,97012,90514,877.77
0,877000,2022-03-18,445485,100, ,12.0,1200.0,97012,90514,877.77
0,877530,2022-03-23,445485,2400, ,4.94,11856.0,97012,97012,0.0
0,877797,2022-03-23,445485,850, ,10.53,8946.25,12190,12190,0.0
0,877936,2022-03-23,445485,1008, ,5.9,5947.2,9210,9210,0.0
0,879069,2022-03-18,445485,7200, ,7.12,51264.0,60011,59153,59.8348
0,879213,2022-03-23,445485,1000, ,7.48,7480.0,88013,85618,13.8043
0,879327,2022-03-28,445485,2000, ,9.5,190000.0,71072,71072,0.0
0,879328,2022-03-28,445485,4992, ,9.5,474240.0,71072,71072,0.0
0,879329,2022-03-28,445485,800, ,9.3,74400.0,71072,71072,0.0
0,879330,2022-03-28,445485,1800, ,9.3,167400.0,71072,71072,0.0
0,880764,2022-03-28,445485,240, ,16.95,4068.0,80470,0,0.0
0,880922,2022-03-28,445485,75, ,9.49,711.75,25216,31054,412.229
0,881251,2022-03-29,445485,6000, ,9.89,59340.0,25771,24198,221.128
0,881510,2022-03-29,445485,3000, ,5.46,16380.0,23574,26271,34.5153
0,881512,2022-03-29,445485,123, ,11.0,4059.0,81051,71072,490.491
0,881586,2022-03-29,445485,912, ,6.93,6320.16,35,35,0.0
0,882429,2022-03-09,445485,2500, ,6.0,15000.0,19810,0,0.0
0,882771,2022-03-29,445485,500, ,9.5,4750.0,13897,13552,111.088
0,883099,2022-03-18,445485,720, ,9.8,7056.0,97012,90514,877.77
0,883100,2022-03-18,445485,612, ,9.8,5997.6,97012,90514,877.77
0,883101,2022-03-18,445485,100, ,12.0,1200.0,97012,90514,877.77
0,884010,2022-03-29,445485,123, ,11.0,4059.0,81051,71072,490.491
0,884512,2022-03-25,445485,800, ,10.47,8376.0,25216,31054,412.229
0,884522,2022-03-25,445485,50, ,8.22,411.0,25216,31054,412.229
0,884570,2022-04-01,445485,600, ,12.97,7782.0,62090,62090,0.0
0,885292,2022-04-01,445485,2300, ,5.61,12903.0,25135,26271,51.9559
0,885650,2022-04-05,445485,2160, ,8.99,19418.4,25216,24139,229.665
0,885808,2022-04-04,445485,300, ,11.44,3432.0,38490,31054,277.346
0,886243,2022-04-05,445485,140, ,10.0,1400.0,38490,39934,525.039
0,886764,2022-04-06,445485,9148, ,2.95,26987.5,97012,97012,0.0
0,886994,2022-03-23,445485,1000, ,7.48,7480.0,88013,85618,13.8043
0,887829,2022-04-07,445485,480, ,9.3,4464.0,97012,1058,2312.76
0,887973,2022-04-08,445485,1380, ,7.0,9660.0,41238,41238,0.0
0,888517,2022-04-07,445485,450, ,10.98,4941.0,45535,0,0.0
0,888518,2022-04-07,445485,540, ,10.98,5929.2,45535,0,0.0
0,888519,2022-04-07,445485,27, ,10.5,283.5,45535,40673,222.929
0,888520,2022-04-05,445485,54, ,10.0,540.0,45535,41793,275.971
0,888521,2022-04-07,445485,153, ,10.49,1604.97,45535,47775,237.117
0,888522,2022-04-07,445485,63, ,17.0,1071.0,45535,0,0.0
0,889047,2022-03-21,445485,1500, ,6.0,9000.0,60011,60011,0.0
0,889794,2022-04-12,445485,144, ,12.0,1728.0,45535,53716,120.268
0,890182,2022-04-12,445485,720, ,11.5,8280.0,9210,44318,1747.62
0,890524,2022-01-27,445485,120, ,0.75,90.0,11533,12190,268.497
0,890593,2022-01-27,445485,100, ,6.5,650.0,11533,3441,102.969
0,891084,2022-04-14,445485,2208, ,9.5,20976.0,97012,2550,1932.1
0,891085,2022-04-14,445485,720, ,9.5,6840.0,97012,2550,1932.1
0,891086,2022-04-14,445485,96, ,22.75,2184.0,97012,2550,1932.1
0,891087,2022-04-14,445485,96, ,22.75,2184.0,97012,2550,1932.1
0,891088,2022-04-14,445485,100, ,22.75,2275.0,97012,2550,1932.1
0,891089,2022-04-14,445485,96, ,22.75,2184.0,97012,2550,1932.1
0,891090,2022-04-14,445485,96, ,22.75,2184.0,97012,2550,1932.1
0,891091,2022-04-14,445485,96, ,22.75,2184.0,97012,2550,1932.1
0,891092,2022-04-14,445485,96, ,22.75,2184.0,97012,2550,1932.1
0,891093,2022-04-14,445485,100, ,22.75,2275.0,97012,2550,1932.1
0,891094,2022-04-14,445485,100, ,22.75,2275.0,97012,2550,1932.1
0,891095,2022-04-14,445485,96, ,22.75,2184.0,97012,2550,1932.1
0,891096,2022-04-14,445485,96, ,22.75,2184.0,97012,2550,1932.1
0,891097,2022-04-14,445485,96, ,22.75,2184.0,97012,2550,1932.1
0,891098,2022-04-14,445485,96, ,22.75,2184.0,97012,2550,1932.1
0,891099,2022-04-14,445485,96, ,22.75,2184.0,97012,2550,1932.1
0,891100,2022-04-14,445485,96, ,22.75,2184.0,97012,2550,1932.1
0,891101,2022-04-14,445485,96, ,9.5,912.0,97012,2550,1932.1
0,891102,2022-04-14,445485,96, ,22.75,2184.0,97012,2550,1932.1
0,891103,2022-04-14,445485,96, ,22.75,2184.0,97012,2550,1932.1
0,891104,2022-04-14,445485,96, ,22.75,2184.0,97012,2550,1932.1
0,891105,2022-04-14,445485,120, ,22.75,2730.0,97012,2550,1932.1
0,894955,2022-04-25,445485,100, ,10.0,1000.0,97012,4154,1603.68
0,894963,2022-03-14,445485,315, ,8.98,2828.7,97012,97330,617.691
0,895433,2022-04-06,445485,2348, ,7.83,18384.8,20036,19810,88.4094
0,896998,2022-04-06,445485,720, ,5.19,3739.97,6050,71072,2663.93
0,897497,2022-04-07,445485,900, ,10.5,9450.0,25437,24139,84.8902
0,897498,2022-04-07,445485,300, ,0.88,264.0,25437,24139,84.8902
0,900071,2022-05-02,445485,1920, ,10.0,19200.0,97012,97330,617.691
0,900377,2022-05-02,445485,2216, ,4.8,10636.8,35,35,0.0
0,901283,2022-05-03,445485,190, ,7.0,1330.0,1392,1074,593.52
0,902019,2022-05-05,445485,1200, ,11.99,14388.0,13897,13897,0.0
0,902020,2022-05-05,445485,540, ,12.0,6480.0,13897,13897,0.0
0,902031,2022-04-12,445485,1550, ,7.0,10850.0,41238,41238,0.0
0,904297,2022-05-09,445485,360, ,11.15,4014.0,38490,31178,395.504
0,905594,2022-05-10,445485,216, ,12.0,2592.0,97012,4278,1593.95
0,907981,2022-05-10,445485,216, ,12.0,2592.0,97012,4278,1593.95
0,908049,2022-05-13,445485,600, ,14.59,8754.0,90514,90514,0.0
0,908066,2022-05-13,445485,50, ,16.0,800.0,90514,70572,906.971
0,908070,2022-05-13,445485,50, ,17.0,850.0,90514,70572,906.971
0,908183,2022-05-13,445485,1, ,26733.0,26733.0,25313,12190,935.089
0,908856,2022-05-17,445485,3000, ,9.75,29250.0,62910,62910,0.0
0,908978,2022-05-13,445485,3000, ,11.85,35550.0,25216,31054,412.229
0,909337,2022-05-16,445485,1500, ,8.12,12180.0,21695,19810,122.079
0,909963,2022-05-17,445485,3000, ,9.75,29250.0,62910,62910,0.0
0,912038,2022-05-19,445485,2350, ,9.5,22325.0,71072,45012,82.3401
0,912039,2022-05-19,445485,2268, ,8.3,18824.4,71072,45012,82.3401
0,912040,2022-05-19,445485,600, ,9.5,5700.0,71072,45012,82.3401
0,912041,2022-05-19,445485,100, ,9.6,960.0,71072,45012,82.3401
0,912042,2022-05-19,445485,3000, ,9.5,28500.0,71072,45012,82.3401
0,912328,2022-05-20,445485,100, ,10.72,1072.0,25216,31054,412.229
0,912714,2022-05-20,445485,350, ,11.99,4196.5,38490,31054,277.346
0,912799,2022-05-20,445485,330, ,13.75,4537.5,38490,30872,45.307
0,913798,2022-05-23,445485,4120, ,5.58,22989.6,20516,20516,0.0
0,916528,2022-05-25,445485,2000, ,6.0,12000.0,38490,39136,23.1818
0,917098,2022-02-23,445485,3500, ,5.85,20475.0,12190,12190,0.0
0,917137,2022-05-25,445485,900, ,11.9,10710.0,88013,0,0.0
0,917503,2022-05-26,445485,456, ,11.25,5130.0,38490,2550,2607.36
0,918587,2022-05-19,445485,4480, ,5.0,22400.0,25313,25313,0.0
0,920120,2022-05-25,445485,1000, ,34.99,34990.0,93610,12050,1177.83
0,920298,2022-05-30,445485,840, ,5.35,4494.0,27855,27855,0.0
0,920334,2022-02-10,445485,1860, ,7.18,13354.8,71072,71072,0.0
0,920575,2022-05-18,445485,72, ,7.0,504.0,17612,17612,0.0
0,920576,2022-05-18,445485,372, ,7.0,2604.0,17612,17612,0.0
0,920577,2022-05-18,445485,72, ,7.5,540.0,17612,17612,0.0
0,920578,2022-05-18,445485,290, ,7.5,2175.0,17612,17612,0.0
0,920579,2022-05-18,445485,72, ,7.0,504.0,17612,17612,0.0
0,920580,2022-05-18,445485,318, ,7.0,2226.0,17612,17612,0.0
0,920581,2022-05-18,445485,72, ,7.0,504.0,17612,17612,0.0
0,920582,2022-05-18,445485,345, ,7.0,2415.0,17612,17612,0.0
0,920583,2022-05-18,445485,144, ,7.5,1080.0,17612,17612,0.0
0,920584,2022-05-18,445485,644, ,7.5,4830.0,17612,17612,0.0
0,920585,2022-05-18,445485,84, ,7.05,592.2,17612,17612,0.0
0,920586,2022-05-18,445485,635, ,5.57,3536.95,17612,17612,0.0
0,920587,2022-05-18,445485,72, ,7.7,554.4,17612,17612,0.0
0,920588,2022-05-18,445485,336, ,7.7,2587.2,17612,17612,0.0
0,920589,2022-05-18,445485,72, ,7.7,554.4,17612,17612,0.0
0,920590,2022-05-18,445485,390, ,7.7,3003.0,17612,17612,0.0
0,920591,2022-05-18,445485,400, ,5.7,2279.0,17612,17612,0.0
0,920592,2022-05-18,445485,1434, ,5.7,8179.11,17612,17612,0.0
0,921040,2022-04-20,445485,160, ,13.0,2080.0,41238,49395,430.63
0,921181,2022-02-07,445485,240, ,9.0,2160.0,41238,53430,60.2181
0,921182,2022-02-07,445485,220, ,9.95,2189.0,41238,48658,353.897
0,921184,2022-05-31,445485,1800, ,12.88,23184.0,93734,93734,0.0
0,921186,2022-02-07,445485,120, ,10.0,1200.0,41238,0,0.0
0,922079,2022-05-27,445485,840, ,5.35,4494.0,27855,27855,0.0
0,922306,2022-06-01,445485,1200, ,4.5,5400.0,31054,31054,0.0
0,922572,2022-06-01,445485,2500, ,6.0,14999.0,19879,19879,0.0
0,923886,2022-06-06,445485,500, ,10.0,5000.0,96334,0,0.0
0,924346,2022-04-06,445485,2178, ,3.43,7470.54,25313,26271,47.1718
0,924347,2022-04-06,445485,0, ,3.43,0.0,25313,26271,47.1718
0,926798,2022-05-30,445485,840, ,5.35,4494.0,27855,27855,0.0
0,927382,2022-05-04,445485,660, ,12.91,8520.6,41238,44318,188.661
0,929032,2022-06-10,445485,6000, ,8.0,48000.0,97012,4154,1603.68
0,929033,2022-06-10,445485,432, ,8.0,3456.0,97012,4154,1603.68
0,929034,2022-06-10,445485,144, ,8.0,1152.0,97012,4154,1603.68
0,931954,2022-06-10,445485,480, ,10.97,5265.6,93734,93734,0.0
0,933546,2022-06-21,445485,168, ,9.98,1676.64,60011,56995,1454.23
0,933848,2022-06-21,445485,500, ,16.54,49620.0,81051,88013,1454.23
0,933851,2022-06-21,445485,298, ,16.54,29573.5,81051,83275,1454.23
0,933852,2022-06-21,445485,220, ,16.54,21832.8,81051,83275,1454.23
0,933853,2022-06-21,445485,480, ,16.54,47635.2,81051,83275,1454.23
0,933859,2022-06-22,445485,1, ,319163.0,319163.0,49859,63770,1454.23
0,933860,2022-06-22,445485,1, ,319163.0,319163.0,49859,63770,1454.23
0,934936,2022-06-23,445485,84, ,13.36,1122.0,9210,57576,1454.23
0,935481,2022-06-24,445485,600, ,7.79,4674.36,60011,60011,0.0
0,935891,2022-06-24,445485,800, ,7.0,5600.0,9210,9210,0.0
0,936180,2022-06-27,445485,900, ,6.9,6210.0,38490,30872,1454.23
0,939606,2022-06-30,445485,3000, ,8.2,24600.0,25313,35157,1454.23
0,939637,2022-06-29,445485,5000, ,6.99,34950.0,4154,4278,1454.23
0,939640,2022-06-29,445485,1, ,59299.8,59299.8,46337,46337,0.0
0,940061,2022-07-01,445485,2000, ,8.59,17185.0,2550,2550,0.0
0,940081,2022-06-30,445485,500, ,8.99,4495.0,25313,24139,1454.23
0,940299,2022-07-04,445485,3200, ,10.47,33504.0,25216,31054,1454.23
0,940545,2022-07-01,445485,240, ,10.0,2400.0,60011,41238,1454.23
0,940546,2022-07-04,445485,720, ,9.99,7192.8,71510,69671,1454.23
0,940780,2022-06-30,445485,300, ,8.78,2634.0,75353,75353,0.0
0,940783,2022-07-05,445485,700, ,30.0,21000.0,46477,41238,1454.23
0,940784,2022-07-05,445485,300, ,140.0,42000.0,46477,41238,1454.23
0,940785,2022-07-05,445485,100, ,192.0,19200.0,46477,41238,1454.23
0,940786,2022-07-05,445485,265, ,192.0,50880.0,46477,41238,1454.23
0,940787,2022-07-05,445485,30, ,420.0,12600.0,46477,41238,1454.23
0,940788,2022-07-05,445485,5, ,192.0,960.0,46477,41238,1454.23
0,941664,2022-07-01,445485,2000, ,5.89,11785.0,2550,2550,0.0
0,942063,2022-07-05,445485,8613, ,6.2,53400.6,60011,58254,1454.23
0,942064,2022-07-05,445485,2871, ,6.2,17800.2,60011,58254,1454.23
0,943140,2022-06-15,445485,1800, ,7.0,12600.0,17612,17418,1454.23
0,944896,2022-05-10,445485,216, ,12.0,2592.0,97012,4278,1454.23
0,946851,2022-07-14,445485,520, ,11.1,5772.0,2518,2518,0.0
0,946852,2022-07-14,445485,16, ,21.5,344.0,2518,2518,0.0
0,947041,2022-07-04,445485,216, ,15.0,3238.98,93734,90514,1454.23
0,947049,2022-07-13,445485,84, ,14.0,1176.0,93734,97330,1454.23
0,947055,2022-07-13,445485,1, ,65709.8,65709.8,88013,88013,0.0
0,947321,2022-07-07,445485,150, ,8.98,1347.0,35,7315,1454.23
0,948613,2022-07-13,445485,900, ,15.0,13500.0,2291,71072,1454.23
0,949823,2022-07-22,445485,1296, ,7.0,9072.0,97012,6050,1454.23
0,950822,2022-05-16,445485,1500, ,8.12,12180.0,21172,19810,1454.23
0,951816,2022-07-25,445485,1362, ,8.79,11972.0,93734,93734,0.0
0,952054,2022-07-26,445485,1080, ,5.39,5821.2,6050,6050,0.0
0,952986,2022-07-26,445485,64, ,13.75,880.0,9210,88013,1454.23
0,953445,2022-07-29,445485,408, ,9.75,3978.0,9210,8036,1454.23
0,953866,2022-07-28,445485,1300, ,7.0,9100.0,35,62910,1454.23
0,954177,2022-07-29,445485,6000, ,13.8,82800.0,47333,47333,0.0
0,954416,2022-07-20,445485,4700, ,5.64,26508.0,25313,17795,1454.23
0,954417,2022-07-20,445485,200, ,7.24,1448.0,25313,17795,1454.23
0,954418,2022-07-20,445485,120, ,7.24,868.8,25313,17795,1454.23
0,954419,2022-07-20,445485,200, ,7.24,1448.0,25313,17795,1454.23
0,954420,2022-07-20,445485,120, ,7.24,868.8,25313,17795,1454.23
0,954421,2022-07-20,445485,200, ,7.24,1448.0,25313,17795,1454.23
0,954422,2022-07-20,445485,120, ,7.24,868.8,25313,17795,1454.23
0,954423,2022-07-20,445485,120, ,7.24,868.8,25313,17795,1454.23
0,954424,2022-07-20,445485,120, ,7.24,868.8,25313,17795,1454.23
0,954425,2022-07-20,445485,120, ,7.24,868.8,25313,17795,1454.23
0,954426,2022-07-20,445485,120, ,7.24,868.8,25313,17795,1454.23
0,954427,2022-07-20,445485,120, ,7.24,868.8,25313,17795,1454.23
0,954428,2022-07-20,445485,120, ,7.24,868.8,25313,17795,1454.23
0,954429,2022-07-20,445485,120, ,7.24,868.8,25313,17795,1454.23
0,956049,2022-07-07,445485,3000, ,5.99,17970.0,25313,38490,1454.23
0,956663,2022-08-05,445485,600, ,8.5,5100.0,6050,6033,1454.23
0,956733,2022-04-07,445485,480, ,9.3,4464.0,97012,1058,1454.23
0,957549,2022-08-01,445485,1500, ,8.0,12000.0,38490,39136,1454.23
0,957556,2022-07-21,445485,250, ,109.62,27405.0,97012,97012,0.0
0,957557,2022-07-21,445485,25, ,1756.56,43914.0,97012,97012,0.0
0,957558,2022-07-21,445485,25, ,2025.1,50627.5,97012,97012,0.0
0,957559,2022-07-21,445485,25, ,1893.03,47325.8,97012,97012,0.0
0,957560,2022-07-21,445485,25, ,2157.18,53929.5,97012,97012,0.0
0,957561,2022-07-21,445485,25, ,2179.19,54479.8,97012,97012,0.0
0,957562,2022-07-21,445485,300, ,44.02,13206.0,97012,97012,0.0
0,957563,2022-07-21,445485,500, ,162.89,81445.0,97012,97012,0.0
0,957564,2022-07-21,445485,20, ,638.35,12767.0,97012,97012,0.0
0,957565,2022-07-21,445485,20, ,1155.63,23112.6,97012,97012,0.0
0,957566,2022-07-21,445485,20, ,770.42,15408.4,97012,97012,0.0
0,957567,2022-07-21,445485,10, ,1926.05,19260.5,97012,97012,0.0
0,957568,2022-07-21,445485,20, ,1348.24,26964.8,97012,97012,0.0
0,957569,2022-07-21,445485,10, ,2146.17,21461.7,97012,97012,0.0
0,957570,2022-07-21,445485,10, ,1430.78,14307.8,97012,97012,0.0
0,957571,2022-07-21,445485,500, ,193.71,96855.0,97012,97012,0.0
0,957572,2022-07-21,445485,500, ,653.76,326880.0,97012,97012,0.0
0,957573,2022-07-21,445485,500, ,0.92,460.0,97012,97012,0.0
0,957574,2022-07-21,445485,5, ,16398.9,81994.7,97012,97012,0.0
0,957575,2022-07-21,445485,5, ,14968.2,74840.8,97012,97012,0.0
0,957576,2022-07-21,445485,5, ,15408.4,77042.0,97012,97012,0.0
0,957577,2022-07-21,445485,5, ,8364.56,41822.8,97012,97012,0.0
0,957578,2022-07-21,445485,5, ,8144.44,40722.2,97012,97012,0.0
0,957579,2022-07-21,445485,20, ,495.27,9905.4,97012,97012,0.0
0,957580,2022-07-21,445485,20, ,825.45,16509.0,97012,97012,0.0
0,957581,2022-07-21,445485,5, ,10895.9,54479.7,97012,97012,0.0
0,957582,2022-07-21,445485,20, ,1430.78,28615.6,97012,97012,0.0
0,957583,2022-07-21,445485,20, ,930.01,18600.2,97012,97012,0.0
0,957584,2022-07-21,445485,20, ,825.45,16509.0,97012,97012,0.0
0,957585,2022-07-21,445485,20, ,935.51,18710.2,97012,97012,0.0
0,957586,2022-07-21,445485,100, ,52.83,5283.0,97012,97012,0.0
0,957587,2022-07-21,445485,50, ,990.54,49527.0,97012,97012,0.0
0,957588,2022-07-21,445485,200, ,258.64,51728.0,97012,97012,0.0
0,957589,2022-07-21,445485,200, ,302.11,60422.0,97012,97012,0.0
0,957590,2022-07-21,445485,500, ,215.72,107860.0,97012,97012,0.0
0,957591,2022-07-21,445485,2000, ,32.74,65480.0,97012,97012,0.0
0,957592,2022-07-21,445485,100, ,40.72,4072.0,97012,97012,0.0
0,957593,2022-07-21,445485,25, ,704.38,17609.5,97012,97012,0.0
0,957594,2022-07-21,445485,100, ,158.49,15849.0,97012,97012,0.0
0,957595,2022-07-21,445485,25, ,1518.83,37970.8,97012,97012,0.0
0,957596,2022-07-21,445485,750, ,116.96,87720.0,97012,97012,0.0
0,957597,2022-07-21,445485,750, ,56.79,42592.5,97012,97012,0.0
0,957598,2022-07-21,445485,500, ,0.41,205.0,97012,97012,0.0
0,957599,2022-07-21,445485,500, ,0.41,205.0,97012,97012,0.0
0,957600,2022-07-21,445485,25, ,981.74,24543.5,97012,97012,0.0
0,957601,2022-07-21,445485,25, ,1056.58,26414.5,97012,97012,0.0
0,957602,2022-07-21,445485,25, ,1135.82,28395.5,97012,97012,0.0
0,957603,2022-07-21,445485,25, ,1232.67,30816.8,97012,97012,0.0
0,957604,2022-07-21,445485,25, ,1540.84,38521.0,97012,97012,0.0
0,957605,2022-07-21,445485,25, ,1584.86,39621.5,97012,97012,0.0
0,957606,2022-07-21,445485,25, ,1672.91,41822.8,97012,97012,0.0
0,957607,2022-07-21,445485,25, ,1276.7,31917.5,97012,97012,0.0
0,957608,2022-07-21,445485,25, ,968.53,24213.2,97012,97012,0.0
0,957609,2022-07-21,445485,25, ,1166.64,29166.0,97012,97012,0.0
0,957610,2022-07-21,445485,25, ,1025.76,25644.0,97012,97012,0.0
0,957611,2022-07-21,445485,500, ,143.08,71540.0,97012,97012,0.0
0,957612,2022-07-21,445485,3, ,55396.9,166191.0,97012,97012,0.0
0,957613,2022-07-21,445485,25, ,6823.72,170593.0,97012,97012,0.0
0,957614,2022-07-21,445485,12, ,32467.7,389612.0,97012,97012,0.0
0,957615,2022-07-21,445485,80, ,6906.27,552502.0,97012,97012,0.0
0,957616,2022-07-21,445485,5, ,15562.5,77812.4,97012,97012,0.0
0,957617,2022-07-21,445485,500, ,58.22,29110.0,97012,97012,0.0
0,957618,2022-07-21,445485,500, ,81.44,40720.0,97012,97012,0.0
0,957620,2022-07-21,445485,20, ,2599.62,51992.4,97012,97012,0.0
0,957853,2022-08-08,445485,1200, ,7.2,8640.0,15490,13730,1454.23
0,958616,2022-06-28,445485,1, ,17970.0,17970.0,25313,38490,1454.23
0,960358,2022-08-11,445485,576, ,9.0,5184.0,97012,4839,1454.23
0,960359,2022-08-11,445485,1824, ,15.0,27360.0,97012,4839,1454.23
0,961859,2022-08-16,445485,5000, ,7.06,35299.5,25313,21750,1454.23
0,962890,2022-08-16,445485,1800, ,5.96,10728.0,13897,13897,0.0
0,962964,2022-08-17,445485,1010, ,10.0,10100.0,3018,3018,0.0
0,963394,2022-08-05,445485,90, ,13.0,1170.0,41238,48658,1454.23
0,964228,2022-08-11,445485,10320, ,9.98,102994.0,25313,31054,1454.23
0,964273,2022-08-11,445485,10320, ,9.98,102994.0,25313,31054,1454.23
0,964491,2022-08-18,445485,780, ,13.2,10296.0,13218,14214,1454.23
0,965891,2022-08-22,445485,1440, ,11.57,16660.8,97012,35,1454.23
0,965892,2022-08-22,445485,240, ,11.57,2776.8,97012,35,1454.23
0,965893,2022-08-22,445485,240, ,11.57,2776.8,97012,35,1454.23
0,965894,2022-08-22,445485,192, ,11.57,2221.44,97012,35,1454.23
0,965895,2022-08-22,445485,288, ,11.57,3332.16,97012,35,1454.23
0,965896,2022-08-22,445485,192, ,11.57,2221.44,97012,35,1454.23
0,965897,2022-08-22,445485,36, ,11.57,416.52,97012,35,1454.23
0,965898,2022-08-22,445485,240, ,11.57,2776.8,97012,35,1454.23
0,965899,2022-08-22,445485,192, ,11.57,2221.44,97012,35,1454.23
0,965900,2022-08-22,445485,192, ,11.57,2221.44,97012,35,1454.23
0,965901,2022-08-22,445485,192, ,11.57,2221.44,97012,35,1454.23
0,965902,2022-08-22,445485,192, ,11.57,2221.44,97012,35,1454.23
0,965903,2022-08-22,445485,192, ,11.57,2221.44,97012,35,1454.23
0,965904,2022-08-22,445485,240, ,11.57,2776.8,97012,35,1454.23
0,965905,2022-08-22,445485,192, ,11.57,2221.44,97012,35,1454.23
0,965906,2022-08-22,445485,192, ,11.57,2221.44,97012,35,1454.23
0,966033,2022-08-22,445485,11000, ,6.5,71500.0,4154,4278,1454.23
0,966101,2022-08-18,445485,400, ,6.24,2496.0,62910,71498,1454.23
0,967175,2022-08-23,445485,770, ,5.16,3973.2,25313,15377,1454.23
0,967321,2022-08-23,445485,1073, ,8.53,9152.69,90670,90670,0.0
0,968363,2022-08-12,445485,102, ,5.0,6130.0,25313,25313,0.0
0,970798,2022-07-22,445485,2400, ,9.6,23040.0,25216,24139,1454.23
0,970799,2022-05-20,445485,21519, ,1.0,21519.0,3018,2550,1454.23
0,970800,2022-05-20,445485,5000, ,1.0,5000.0,3018,2550,1454.23
0,970801,2022-05-20,445485,99905, ,1.0,99905.0,3018,2550,1454.23
0,970802,2022-05-20,445485,80737, ,1.0,80737.0,3018,2550,1454.23
0,970803,2022-05-20,445485,325092, ,1.0,325092.0,3018,2550,1454.23
0,970804,2022-05-20,445485,4375, ,1.0,4375.0,3018,2550,1454.23
0,970819,2022-08-29,445485,15000, ,29.0,435000.0,97012,97012,0.0
0,970821,2022-08-29,445485,15000, ,16.25,243750.0,97012,97012,0.0
0,970822,2022-08-29,445485,1000, ,8.0,8000.0,97012,97012,0.0
0,971237,2022-08-30,445485,84, ,11.5,966.0,9210,3018,1454.23
0,971923,2022-05-13,445485,50, ,17.0,850.0,90514,70572,1454.23
0,971929,2022-09-01,445485,174200, ,0.04,6985.42,80470,80314,1454.23
0,971930,2022-09-01,445485,174200, ,0.04,6985.42,80470,80314,1454.23
0,972404,2022-08-09,445485,840, ,7.0,5880.0,13730,14214,1454.23
0,972405,2022-09-02,445485,6500, ,4.91,31945.1,71072,70475,1454.23
0,972406,2022-09-02,445485,6500, ,6.79,44161.2,71072,70475,1454.23
0,972407,2022-09-02,445485,20000, ,6.59,131746.0,71072,70475,1454.23
0,972443,2022-08-29,445485,2620, ,19.44,50932.8,87912,87912,0.0
0,973393,2022-09-01,445485,600, ,11.25,6750.0,12190,8079,1454.23
0,973394,2022-09-01,445485,1, ,5805.0,5805.0,25313,32336,1454.23
0,973621,2022-09-05,445485,2200, ,15.0,33000.0,62910,71498,1454.23
0,974362,2022-09-05,445485,5000, ,4.96,24800.0,25313,20516,1454.23
0,974363,2022-09-06,445485,1, ,131500.0,131500.0,12190,57053,1454.23
0,974368,2022-09-06,445485,16000, ,1637.42,26198700.0,60011,65536,1454.23
0,974369,2022-09-06,445485,5700, ,1897.77,10817300.0,60011,65536,1454.23
0,975550,2022-09-05,445485,5000, ,4.96,24800.0,25313,20516,1454.23
0,975721,2022-09-05,445485,5000, ,4.96,24800.0,25313,20516,1454.23
0,976039,2022-09-09,445485,100, ,9.49,949.0,25216,31054,1454.23
0,978257,2022-09-06,445485,1008, ,9.0,9072.0,71072,71072,0.0
0,978516,2022-09-06,445485,1008, ,9.0,9072.0,71072,71072,0.0
0,978917,2022-09-01,445485,600, ,11.25,6750.0,12190,8079,1454.23
0,979485,2022-09-12,445485,2000, ,9.5,19000.0,4278,4278,0.0
0,979486,2022-09-12,445485,1750, ,6.37,11147.5,4278,4278,0.0
0,979487,2022-09-12,445485,960, ,6.37,6115.2,4278,4278,0.0
0,979488,2022-09-12,445485,290, ,6.37,1847.3,4278,4278,0.0
0,979509,2022-09-15,445485,3, ,325.0,975.0,3018,3018,0.0
0,979510,2022-09-15,445485,3, ,480.0,1440.0,3018,3018,0.0
0,979511,2022-09-15,445485,3, ,835.0,2505.0,3018,3018,0.0
0,979512,2022-09-15,445485,30, ,18.5,555.0,3018,3018,0.0
0,980135,2022-09-19,445485,280, ,7.0,1960.0,34134,38490,1454.23
0,980278,2022-09-19,445485,1000, ,10.49,10490.0,81051,81612,1454.23
0,981429,2022-09-21,445485,360, ,13.0,4680.0,81051,58858,1454.23
0,981431,2022-09-21,445485,3600, ,9.91,35689.7,81051,58858,1454.23
0,981432,2022-09-21,445485,600, ,12.5,7500.0,81051,58858,1454.23
0,981433,2022-09-21,445485,400, ,12.5,5000.0,81051,58858,1454.23
0,981434,2022-09-21,445485,600, ,9.25,5550.0,81051,58858,1454.23
0,981435,2022-09-21,445485,500, ,11.0,5500.0,81051,58858,1454.23
0,981547,2022-09-21,445485,125, ,15.19,1898.75,41238,33910,1454.23
0,981548,2022-09-21,445485,84, ,14.53,1220.52,41238,33910,1454.23
0,981550,2022-09-21,445485,56940, ,0.98,55943.6,87912,11223,1454.23
0,981664,2022-09-21,445485,3000, ,10.33,30990.0,97012,93734,1454.23
0,981813,2022-09-12,445485,2000, ,9.5,19000.0,4278,4278,0.0
0,981814,2022-09-12,445485,1750, ,6.37,11147.5,4278,4278,0.0
0,981815,2022-09-12,445485,960, ,6.37,6115.2,4278,4278,0.0
0,981816,2022-09-12,445485,290, ,6.37,1847.3,4278,4278,0.0
0,982023,2022-09-11,445485,4200, ,12.97,54474.0,60011,60011,0.0
0,982441,2022-06-30,445485,1392, ,8.99,12514.1,25216,24139,1454.23
0,982442,2022-06-30,445485,500, ,0.87,435.0,25216,24139,1454.23
0,982486,2022-05-31,445485,4000, ,6.9,27600.0,4278,4278,0.0
0,983271,2022-09-06,445485,1008, ,9.0,9072.0,71072,71072,0.0
0,983659,2022-09-27,445485,1200, ,7.5,9000.0,97012,6050,1454.23
0,985525,2022-09-27,445485,50, ,10.72,536.0,25216,31054,1454.23
0,985725,2022-09-28,445485,16875, ,5.93,100069.0,97012,97012,0.0
0,985726,2022-09-28,445485,5625, ,5.93,33356.2,97012,97012,0.0
0,987634,2022-09-29,445485,100, ,8.22,822.0,25216,31054,1454.23
0,987789,2022-09-29,445485,120, ,8.5,1020.0,2550,1392,1454.23
0,989195,2022-09-22,445485,1200, ,5.1,6120.0,2550,2550,0.0
0,989196,2022-09-22,445485,340, ,15.9,5406.0,2550,2550,0.0
0,989197,2022-09-22,445485,24, ,19.45,466.8,2550,2550,0.0
0,989198,2022-09-22,445485,72, ,17.55,1263.6,2550,2550,0.0
0,989199,2022-09-22,445485,72, ,19.1,1375.2,2550,2550,0.0
0,989487,2022-10-04,445485,900, ,8.0,7200.0,38490,38490,0.0
0,989585,2022-10-04,445485,480, ,7.0,3360.0,97012,4278,1454.23
0,990002,2022-10-04,445485,192, ,10.0,1920.0,97012,60011,1454.23
0,990006,2022-10-04,445485,180, ,8.0,1440.0,97012,91677,1454.23
0,990014,2022-10-05,445485,120, ,15.0,1800.0,97012,93734,1454.23
0,990028,2022-10-04,445485,25000, ,3.73,93250.0,97012,12351,1454.23
0,990187,2022-10-04,445485,1800, ,4.8,8640.0,2550,2550,0.0
0,990906,2022-10-06,445485,2600, ,6.0,15600.0,26310,26271,1454.23
0,993062,2022-07-28,445485,5000, ,7.4,37000.0,60011,60011,0.0
0,993241,2022-10-10,445485,60, ,22.9,1374.0,60011,60011,0.0
0,993457,2022-10-13,445485,144, ,9.0,1296.0,97012,2550,1454.23
0,993493,2022-10-13,445485,288, ,6.5,1872.0,97012,25313,1454.23
0,993576,2022-09-01,445485,700, ,12.0,8400.0,97012,2550,1454.23
0,994222,2022-10-13,445485,144, ,15.0,2160.0,97012,38490,1454.23
0,995134,2022-10-17,445485,312, ,11.6,3619.2,97012,41238,1454.23
0,995512,2022-10-17,445485,900, ,11.85,10665.0,25216,31054,1454.23
0,995522,2022-02-22,445485,187, ,16.42,3070.54,90514,91316,1454.23
0,995950,2022-05-18,445485,437, ,16.42,7175.54,90514,91316,1454.23
0,997855,2022-10-20,445485,180, ,13.9,2502.0,97012,88013,1454.23
0,999863,2022-10-25,445485,600, ,8.48,5088.0,71072,71072,0.0
0,999876,2022-10-14,445485,862, ,25.36,21860.3,97012,97012,0.0
0,999878,2022-10-25,445485,295, ,6570.0,1938150.0,97012,65110,1454.23
0,999879,2022-10-25,445485,90, ,10.05,904.5,41238,65110,1454.23
0,999880,2022-10-25,445485,55, ,6.32,347.6,41238,65110,1454.23
0,999904,2022-10-25,445485,1, ,1043750.0,1043750.0,88412,71838,1454.23
0,999906,2022-09-13,445485,150, ,6.63,994.5,46116,71838,1454.23
0,999907,2022-09-13,445485,400, ,6.85,2740.0,46116,71838,1454.23
0,999908,2022-09-13,445485,1500, ,6.27,9405.0,46116,71838,1454.23
0,999913,2022-09-13,445485,250, ,25.33,6332.5,46116,71838,1454.23
0,999914,2022-09-13,445485,250, ,16.63,4157.5,46116,71838,1454.23
0,999917,2022-10-21,445485,48, ,5100.0,244800.0,97012,35734,1454.23
0,999919,2022-10-12,445485,12300, ,5.9,72570.0,68713,35734,1454.23
0,999925,2022-10-20,445485,43, ,5100.0,219300.0,97012,35734,1454.23
0,999926,2022-10-25,445485,2, ,280.99,561.98,4154,85111,1454.23
0,999932,2022-10-25,445485,3, ,129.9,389.7,4154,62499,1454.23
0,999933,2022-10-25,445485,2, ,601.0,1202.0,4154,62499,1454.23
0,999934,2022-10-25,445485,5, ,275.0,1375.0,4154,62499,1454.23
0,999936,2022-10-25,445485,1, ,3500.0,3500.0,4154,65510,1454.23
0,999937,2022-10-25,445485,2, ,3450.0,6900.0,4154,65510,1454.23
0,999946,2022-10-25,445485,4, ,2226.0,8904.0,4154,71072,1454.23
0,999947,2022-10-25,445485,10, ,240.24,2402.4,4154,71072,1454.23
0,999948,2022-10-25,445485,5, ,1240.4,6202.0,4154,71072,1454.23
0,999949,2022-10-25,445485,200, ,2.95,590.0,4154,71072,1454.23
0,999950,2022-10-25,445485,4, ,3587.5,14350.0,4154,71072,1454.23
0,999951,2022-10-25,445485,4, ,2483.0,9932.0,4154,71072,1454.23
0,999952,2022-10-25,445485,4, ,1021.0,4084.0,4154,71072,1454.23
0,999953,2022-10-25,445485,4, ,1094.0,4376.0,4154,71072,1454.23
0,999954,2022-10-25,445485,4, ,977.0,3908.0,4154,71072,1454.23
0,999955,2022-10-25,445485,4, ,1034.0,4136.0,4154,71072,1454.23
0,999956,2022-10-25,445485,4, ,990.0,3960.0,4154,71072,1454.23
0,999957,2022-10-25,445485,6, ,1168.0,7008.0,4154,71072,1454.23
0,999959,2022-10-03,445485,1600, ,60.0,96000.0,53856,89273,1454.23
0,999960,2022-10-03,445485,450, ,16.5,7425.0,53856,89273,1454.23
0,999961,2022-10-25,445485,5, ,176.0,880.0,4154,41238,1454.23
0,999962,2022-10-25,445485,2, ,252.1,504.2,4154,41238,1454.23
0,999963,2022-10-25,445485,4, ,1530.68,6122.72,4154,41238,1454.23
0,999964,2022-10-25,445485,20, ,1324.51,26490.2,60011,54534,1454.23
0,999965,2022-10-25,445485,1, ,1182.7,1182.7,60011,54534,1454.23
0,999970,2022-10-25,445485,2, ,4019.5,8039.0,4154,41238,1454.23
0,999971,2022-10-25,445485,2, ,117.0,234.0,4154,41238,1454.23
0,999972,2022-10-25,445485,2, ,940.0,1880.0,4154,41238,1454.23
0,999973,2022-10-25,445485,2, ,1770.0,3540.0,4154,41238,1454.23
0,999974,2022-10-25,445485,2, ,3280.0,6560.0,4154,41238,1454.23
0,999975,2022-10-25,445485,3, ,408.66,1225.98,4154,41238,1454.23
0,999977,2022-10-25,445485,4, ,5196.0,20784.0,4154,81612,1454.23
0,999978,2022-10-25,445485,2, ,270.0,540.0,4154,81612,1454.23
0,999986,2022-10-25,445485,2, ,345.0,690.0,4154,29513,1454.23
0,999987,2022-10-25,445485,1, ,486.0,486.0,4154,29513,1454.23
0,999988,2022-10-25,445485,1, ,271.0,271.0,4154,29513,1454.23
0,999989,2022-10-25,445485,2, ,341.5,683.0,4154,29513,1454.23
0,999990,2022-10-25,445485,12, ,989.0,11868.0,4154,29513,1454.23
0,999991,2022-10-25,445485,6, ,370.5,2223.0,4154,29513,1454.23
0,1000000,2022-10-25,445485,3, ,5173.75,15521.2,4154,65110,1454.23
0,1000001,2022-10-25,445485,7, ,3372.5,23607.5,4154,65110,1454.23
0,1000046,2022-10-25,445485,1, ,200.0,200.0,4154,63614,1454.23
0,1000047,2022-10-25,445485,1, ,600.0,600.0,4154,63614,1454.23
0,1000048,2022-10-25,445485,10, ,140.6,1406.0,4154,63614,1454.23
0,1000049,2022-10-25,445485,2, ,710.0,1420.0,4154,63614,1454.23
0,1000050,2022-10-25,445485,1, ,1200.0,1200.0,4154,63614,1454.23
0,1000051,2022-10-25,445485,10, ,80.0,800.0,4154,63614,1454.23
0,1000063,2022-10-25,445485,3, ,87.0,261.0,4154,63614,1454.23
0,1000064,2022-10-25,445485,5, ,198.0,990.0,4154,63614,1454.23
0,1000065,2022-10-25,445485,4, ,1225.0,4900.0,4154,63614,1454.23
0,1000066,2022-10-25,445485,4, ,409.75,1639.0,4154,63614,1454.23
0,1000084,2022-10-21,445485,9, ,1025.0,9225.0,97012,70750,1454.23
0,1000086,2022-10-25,445485,250, ,16.0,4000.0,4154,60011,1454.23
0,1000087,2022-10-25,445485,4, ,500.0,2000.0,4154,60011,1454.23
0,1000088,2022-10-25,445485,200, ,11.34,2268.0,4154,60011,1454.23
0,1000095,2022-10-24,445485,1, ,50000.0,50000.0,71072,71072,0.0
0,1000096,2022-10-25,445485,2, ,93.38,186.76,4154,60011,1454.23
0,1000097,2022-10-25,445485,2, ,89.32,178.64,4154,60011,1454.23
0,1000098,2022-10-25,445485,2, ,1450.0,2900.0,4154,60011,1454.23
0,1000099,2022-10-25,445485,2, ,81.2,162.4,4154,60011,1454.23
0,1000100,2022-10-25,445485,2, ,81.2,162.4,4154,60011,1454.23
0,1000101,2022-10-25,445485,2, ,1557.5,3115.0,4154,60011,1454.23
0,1000102,2022-10-25,445485,2, ,85.26,170.52,4154,60011,1454.23
0,1000103,2022-10-25,445485,2, ,81.2,162.4,4154,60011,1454.23
0,1000104,2022-10-25,445485,2, ,1557.5,3115.0,4154,60011,1454.23
0,1000105,2022-10-25,445485,2, ,81.2,162.4,4154,60011,1454.23
0,1000106,2022-10-25,445485,2, ,81.2,162.4,4154,60011,1454.23
0,1000107,2022-10-25,445485,2, ,1557.5,3115.0,4154,60011,1454.23
0,1000108,2022-10-25,445485,2, ,69.02,138.04,4154,60011,1454.23
0,1000109,2022-10-25,445485,2, ,73.08,146.16,4154,60011,1454.23
0,1000110,2022-10-25,445485,2, ,1537.2,3074.4,4154,60011,1454.23
0,1000111,2022-10-25,445485,2, ,81.2,162.4,4154,60011,1454.23
0,1000112,2022-10-25,445485,2, ,89.32,178.64,4154,60011,1454.23
0,1000113,2022-10-25,445485,2, ,1545.32,3090.64,4154,60011,1454.23
0,1000114,2022-10-25,445485,2, ,77.14,154.28,4154,60011,1454.23
0,1000115,2022-10-25,445485,2, ,81.2,162.4,4154,60011,1454.23
0,1000116,2022-10-25,445485,2, ,1549.38,3098.76,4154,60011,1454.23
0,1000117,2022-10-25,445485,2, ,81.2,162.4,4154,60011,1454.23
0,1000118,2022-10-25,445485,2, ,97.44,194.88,4154,60011,1454.23
0,1000119,2022-10-25,445485,2, ,1533.14,3066.28,4154,60011,1454.23
0,1000120,2022-10-25,445485,2, ,89.32,178.64,4154,60011,1454.23
0,1000121,2022-10-25,445485,2, ,89.32,178.64,4154,60011,1454.23
0,1000122,2022-10-25,445485,2, ,1565.62,3131.24,4154,60011,1454.23
0,1000123,2022-10-25,445485,2, ,81.2,162.4,4154,60011,1454.23
0,1000124,2022-10-25,445485,2, ,105.56,211.12,4154,60011,1454.23
0,1000125,2022-10-25,445485,2, ,1561.56,3123.12,4154,60011,1454.23
0,1000126,2022-10-25,445485,2, ,85.26,170.52,4154,60011,1454.23
0,1000127,2022-10-25,445485,2, ,81.2,162.4,4154,60011,1454.23
0,1000128,2022-10-25,445485,2, ,1561.56,3123.12,4154,60011,1454.23
0,1000137,2022-03-08,445485,300, ,6.0,1800.0,13897,60011,1454.23
0,1000158,2022-10-13,445485,2, ,18900.0,37800.0,68713,71838,1454.23
0,1000159,2022-10-13,445485,1, ,22220.0,22220.0,68713,71838,1454.23
0,1000160,2022-10-13,445485,3, ,7500.0,22500.0,68713,71838,1454.23
0,1000161,2022-10-13,445485,1, ,8200.0,8200.0,68713,71838,1454.23
0,1000162,2022-10-13,445485,2, ,620.0,1240.0,68713,71838,1454.23
0,1000163,2022-10-13,445485,2, ,480.0,960.0,68713,71838,1454.23
0,1000164,2022-10-13,445485,2, ,1500.0,3000.0,68713,71838,1454.23
0,1000175,2022-10-03,445485,60, ,12.9,774.0,25216,25216,0.0
0,1000176,2022-10-03,445485,573, ,46.99,26925.3,25216,25216,0.0
0,1000177,2022-10-03,445485,1147, ,15.9,18237.3,25216,25216,0.0
0,1000178,2022-10-03,445485,1147, ,5.9,6767.3,25216,25216,0.0
0,1000179,2022-10-03,445485,688, ,19.1,13140.8,25216,25216,0.0
0,1000180,2022-10-03,445485,803, ,5.0,4015.0,25216,25216,0.0
0,1000181,2022-10-03,445485,50, ,17.42,871.0,25216,25216,0.0
0,1000182,2022-10-03,445485,161, ,15.9,2559.9,25216,25216,0.0
0,1000183,2022-10-03,445485,25, ,28.87,721.75,25216,25216,0.0
0,1000184,2022-10-03,445485,264, ,9.95,2626.8,25216,25216,0.0
0,1000185,2022-10-03,445485,57, ,33.99,1937.43,25216,25216,0.0
0,1000186,2022-10-03,445485,40, ,29.93,1197.2,25216,25216,0.0
0,1000187,2022-10-03,445485,1721, ,1.07,1841.47,25216,25216,0.0
0,1000188,2022-10-03,445485,115, ,18.4,2116.0,25216,25216,0.0
0,1000201,2022-10-03,445485,2000, ,21.4,42800.0,53856,53856,0.0
0,1000202,2022-10-03,445485,3000, ,18.8,56400.0,53856,53856,0.0
0,1000203,2022-10-03,445485,3770, ,10.2,38454.0,53856,53856,0.0
0,1000204,2022-10-03,445485,1000, ,4.85,4850.0,53856,53856,0.0
0,1000205,2022-10-03,445485,1380, ,10.35,14283.0,53856,53856,0.0
0,1000206,2022-10-03,445485,10500, ,8.06,84630.0,53856,53856,0.0
0,1000207,2022-10-03,445485,300, ,10.14,3042.0,53856,53856,0.0
0,1000208,2022-10-03,445485,500, ,10.12,5060.0,53856,53856,0.0
0,1000209,2022-10-03,445485,3000, ,10.38,31140.0,53856,53856,0.0
0,1000210,2022-10-03,445485,750, ,10.18,7635.0,53856,53856,0.0
0,1000211,2022-10-03,445485,750, ,5.5,4125.0,53856,53856,0.0
0,1000212,2022-10-03,445485,3000, ,7.7,23100.0,53856,53856,0.0
0,1000213,2022-10-03,445485,1200, ,7.2,8640.0,53856,53856,0.0
0,1000217,2022-03-07,445485,240, ,7.0,1680.0,13897,53856,1454.23
0,1000232,2022-10-25,445485,84, ,6570.0,551880.0,23817,65110,1454.23
0,1000233,2022-10-10,445485,15, ,57.0,855.0,97012,92436,1454.23
0,1000238,2022-10-21,445485,1, ,9999.0,119988.0,87912,70475,1454.23
0,1000241,2022-10-21,445485,1, ,2999.7,35996.4,87912,70475,1454.23
0,1000253,2022-07-22,445485,62500, ,9.7,606250.0,4278,4472,1454.23
0,1000257,2022-01-31,445485,90, ,2.67,240.3,25437,4472,1454.23
0,1000258,2022-01-31,445485,160, ,3.11,497.6,25437,4472,1454.23
0,1000261,2022-01-27,445485,16, ,17330.0,277280.0,90514,77518,1454.23
0,1000262,2022-01-27,445485,16, ,1168.0,18688.0,90514,77518,1454.23
0,1000272,2022-10-24,445485,1, ,3800.0,3800.0,97012,97012,0.0
1,7000305000392022,2022-06-20,445485,5500,Garrafão            ,5.78,31800.0,2550,2550,0.0
1,7000705000682021,2022-01-17,445485,9000,Garrafão            ,4.96,44640.0,13897,13897,0.0
1,7001005000932022,2022-12-16,445485,7500,Garrafão            ,4.27,32025.0,25313,26271,47.1718
1,8000605000632022,2022-12-19,445485,14000,Garrafão            ,4.88,68320.0,25313,25313,0.0
1,8001605000692022,2022-09-15,445485,9050,Garrafão            ,5.84,52910.0,97012,97012,0.0
1,8002205000312022,2022-12-26,445485,1,Garrafão            ,38000.0,38000.0,27855,27855,0.0
2,9000305000242022,2022-12-14,445485,4080,Garrafão            ,6.02,24600.0,4278,4154,16.381
7,9002205000192022,2022-12-01,445485,300,Garrafão            ,13.39,4017.0,93734,93734,0.0
1,9002305000572022,2022-09-30,445485,6000,Garrafão            ,6.47,38820.0,97012,97012,0.0
1,9002705000032023,2023-01-19,445485,15300,Garrafão            ,7.0,107100.0,97012,97012,0.0
1,10000105000502022,2022-12-07,445485,40000,Garrafão            ,6.49,259600.0,97012,97012,0.0
1,11009605000012023,2023-01-10,445485,1080,Garrafão            ,7.97,8607.6,25313,31054,398.772
3,11009605000012023,2023-01-10,445485,954,Garrafão            ,5.95,5676.3,25313,27855,203.238
5,11009605000012023,2023-01-10,445485,1800,Garrafão            ,5.99,10782.0,25313,13897,629.359
7,11009605000012023,2023-01-10,445485,1700,Garrafão            ,7.58,12886.0,25313,31054,398.772
9,11009605000012023,2023-01-10,445485,800,Garrafão            ,7.8,6240.0,25313,31054,398.772
1,11016105000012022,2022-02-02,445485,7318,Garrafão            ,2.95,21589.0,97012,97012,0.0
1,11460105000082022,2022-05-30,445485,8613,Garrafão            ,6.2,53400.6,60011,58254,112.674
2,11460105000082022,2022-05-30,445485,2871,Garrafão            ,6.2,17800.2,60011,58254,112.674
1,11461205000032022,2022-04-12,445485,72,Garrafão            ,7.0,504.0,17612,17612,0.0
4,11461205000032022,2022-04-12,445485,290,Garrafão            ,7.5,2175.0,17612,17612,0.0
5,11461205000032022,2022-04-12,445485,72,Garrafão            ,7.0,504.0,17612,17612,0.0
6,11461205000032022,2022-04-12,445485,318,Garrafão            ,7.0,2226.0,17612,17612,0.0
7,11461205000032022,2022-04-12,445485,72,Garrafão            ,7.0,504.0,17612,17612,0.0
8,11461205000032022,2022-04-12,445485,345,Garrafão            ,7.0,2415.0,17612,17612,0.0
9,11461205000032022,2022-04-12,445485,144,Garrafão            ,7.5,1080.0,17612,17612,0.0
10,11461205000032022,2022-04-12,445485,644,Garrafão            ,7.5,4830.0,17612,17612,0.0
12,11461205000032022,2022-04-12,445485,635,Garrafão            ,5.57,3536.95,17612,17612,0.0
14,11461205000032022,2022-04-12,445485,336,Garrafão            ,7.7,2587.2,17612,17612,0.0
15,11461205000032022,2022-04-12,445485,72,Garrafão            ,7.7,554.4,17612,17612,0.0
16,11461205000032022,2022-04-12,445485,390,Garrafão            ,7.7,3003.0,17612,17612,0.0
17,11461205000032022,2022-04-12,445485,400,Garrafão            ,5.69,2279.0,17612,17612,0.0
18,11461205000032022,2022-04-12,445485,1434,Garrafão            ,5.7,8179.0,17612,17612,0.0
1,11462305000012023,2023-02-27,445485,1032,Garrafão            ,13.0,13416.0,75353,75353,0.0
2,11462905000082022,2022-09-19,445485,2350,Garrafão            ,6.72,15792.0,97012,97012,0.0
1,13501605000012023,2023-03-07,445485,2000,Garrafão            ,9.81,19620.0,53430,53430,0.0
1,13510005000012023,2023-01-31,445485,6996,Garrafão            ,5.5,38478.0,97012,97012,0.0
1,13510005000032022,2022-02-25,445485,7538,Garrafão            ,6.5,48997.0,97012,97012,0.0
1,13528505000012022,2022-04-26,445485,2500,Garrafão            ,3.79,9475.0,25313,25313,0.0
1,13545705000042022,2022-03-22,445485,250,Garrafão            ,5.0,1250.0,17612,17612,0.0
1,15303005000732022,2022-10-19,445485,1100,Garrafão            ,12.39,13629.0,46477,46477,0.0
1,15815405000622022,2022-04-07,445485,3000,Garrafão            ,9.8,29400.0,71072,69671,30.6653
1,15815405032702022,2022-05-25,445485,1008,Garrafão            ,9.0,9072.0,71072,71072,0.0
1,15815405075832022,2022-03-04,445485,600,Garrafão            ,12.97,7782.0,71072,62090,386.462
1,17005005000022022,2022-03-24,445485,1200,Garrafão            ,6.5,7800.0,20516,21750,12.272
2,17005005000022022,2022-03-24,445485,410,Garrafão            ,6.5,2665.0,20516,21750,12.272
3,17005005000022022,2022-03-24,445485,900,Garrafão            ,6.5,5850.0,20516,21750,12.272
4,17005005000022022,2022-03-24,445485,500,Garrafão            ,7.0,3500.0,20516,21750,12.272
2,17005505000012022,2022-01-21,445485,3840,Garrafão            ,4.0,15360.0,25313,25135,12.5627
1,17016605000012022,2022-01-05,445485,2422,Garrafão            ,6.86,16614.9,81051,82333,13.2905
2,17016605000012022,2022-01-05,445485,180,Garrafão            ,8.91,1603.8,81051,80390,67.4845
3,17016605000012022,2022-01-05,445485,374,Garrafão            ,12.58,4704.92,81051,80390,67.4845
6,17016605000012022,2022-01-05,445485,410,Garrafão            ,10.55,4325.5,81051,80390,67.4845
7,17016605000012022,2022-01-05,445485,120,Garrafão            ,9.83,1179.6,81051,80390,67.4845
9,17016605000012022,2022-01-05,445485,40,Garrafão            ,10.5,420.0,81051,80390,67.4845
10,17016605000012022,2022-01-05,445485,36,Garrafão            ,8.6,309.6,81051,80390,67.4845
13,17016605000012022,2022-01-05,445485,36,Garrafão            ,11.22,403.92,81051,80390,67.4845
15,17016605000012022,2022-01-05,445485,12,Garrafão            ,11.0,132.0,81051,80390,67.4845
17,17016605000012022,2022-01-05,445485,60,Garrafão            ,10.5,630.0,81051,80390,67.4845
1,17017705000022022,2022-01-17,445485,3000,Garrafão            ,7.9,23700.0,88013,88013,0.0
1,17021705000072022,2022-07-22,445485,2000,Garrafão            ,9.5,19000.0,4278,4278,0.0
3,17021705000072022,2022-07-22,445485,960,Garrafão            ,6.37,6115.2,4278,4278,0.0
4,17021705000072022,2022-07-22,445485,290,Garrafão            ,6.37,1847.3,4278,4278,0.0
1,20002205000072022,2022-12-09,445485,1460,Garrafão            ,3.55,5183.0,31054,31054,0.0
1,20009005000012022,2022-01-17,445485,1500,Garrafão            ,6.0,9000.0,25313,15377,487.084
1,20011205000012023,2023-01-03,445485,3000,Garrafão            ,7.59,22770.0,13897,13897,0.0
2,20011205000012023,2023-01-03,445485,600,Garrafão            ,11.68,7008.0,13897,14214,234.684
3,20011205000012023,2023-01-03,445485,600,Garrafão            ,9.33,5600.0,13897,14214,234.684
5,20011205000012023,2023-01-03,445485,600,Garrafão            ,11.68,7008.0,13897,14214,234.684
12,20011805000052022,2022-10-26,445485,50,Garrafão            ,16.85,842.5,75353,77011,485.455
1,20013105000042022,2022-04-29,445485,3070,Garrafão            ,9.45,29011.5,35,35,0.0
6,20035805000022023,2023-02-23,445485,2500,Garrafão            ,6.0,15000.0,27855,27855,0.0
1,20035805000042022,2022-02-17,445485,2400,Garrafão            ,4.0,9600.0,27855,27855,0.0
1,20037005000052022,2022-07-29,445485,360,Garrafão            ,13.0,4680.0,81051,58858,805.38
3,20037005000052022,2022-07-29,445485,3600,Garrafão            ,9.91,35690.0,81051,58858,805.38
4,20037005000052022,2022-07-29,445485,600,Garrafão            ,12.5,7500.0,81051,58858,805.38
5,20037005000052022,2022-07-29,445485,400,Garrafão            ,12.5,5000.0,81051,58858,805.38
7,20037005000052022,2022-07-29,445485,1000,Garrafão            ,10.49,10490.0,81051,81612,77.064
8,20037005000052022,2022-07-29,445485,500,Garrafão            ,11.0,5500.0,81051,58858,805.38
1,20039205000022022,2022-03-10,445485,1200,Garrafão            ,11.99,14388.0,13897,13897,0.0
2,20039205000022022,2022-03-10,445485,540,Garrafão            ,12.0,6480.0,13897,13897,0.0
3,25700305000452022,2022-06-07,445485,11000,Garrafão            ,6.5,71500.0,4154,4278,16.381
3,25700505000142022,2022-05-31,445485,5000,Garrafão            ,6.99,34950.0,4154,4278,16.381
1,25703405000092022,2022-03-16,445485,1080,Garrafão            ,10.0,10800.0,9210,8036,485.139
1,38921605000032022,2022-09-05,445485,5,Garrafão            ,18.0,90.0,97012,97012,0.0
1,38929705000562022,2022-12-22,445485,2340,Garrafão            ,13.49,31566.6,71072,71072,0.0
1,39302005002002022,2022-06-24,445485,1073,Garrafão            ,8.53,9152.69,90670,90670,0.0
2,41300405000122022,2022-12-15,445485,491,Garrafão            ,12.0,5892.0,75353,82333,254.496
1,51067705000072022,2022-02-15,445485,5760,Garrafão            ,7.99,46022.4,25313,31054,398.772
1,51067705000112022,2022-02-21,445485,10320,Garrafão            ,9.98,102994.0,25313,31054,398.772
1,51067705000312022,2022-04-05,445485,1,Garrafão            ,26733.0,26733.0,25313,12190,935.089
3,51067705000352022,2022-05-30,445485,120,Garrafão            ,7.24,868.8,25313,17795,241.404
5,51067705000352022,2022-05-30,445485,120,Garrafão            ,7.24,868.8,25313,17795,241.404
6,51067705000352022,2022-05-30,445485,200,Garrafão            ,7.24,1448.0,25313,17795,241.404
9,51067705000352022,2022-05-30,445485,120,Garrafão            ,7.24,868.8,25313,17795,241.404
12,51067705000352022,2022-05-30,445485,120,Garrafão            ,7.24,868.8,25313,17795,241.404
13,51067705000352022,2022-05-30,445485,120,Garrafão            ,7.24,868.8,25313,17795,241.404
1,51067705000452022,2022-06-09,445485,5000,Garrafão            ,7.05,35299.5,25313,21750,103.912
1,51067705000702022,2022-09-23,445485,5000,Garrafão            ,10.45,52250.0,25313,31054,398.772
1,51067705000732022,2022-09-28,445485,4000,Garrafão            ,13.45,53800.0,25313,31054,398.772
1,92618205000022023,2023-02-13,445485,1440,Garrafão            ,11.37,16372.8,71072,71072,0.0
1,92618205000052022,2022-01-28,445485,1440,Garrafão            ,10.58,15246.0,71072,71072,0.0
30,92626505000062022,2022-03-25,445485,10,Garrafão            ,20.0,200.0,38490,38490,0.0
