[{"codigo":1, "descricao":"CONVITE                                           "},
 {"codigo":2, "descricao":"TOMADA DE PRE\u00c7OS                                  "},
 {"codigo":3, "descricao":"CONCORR\u00caNCIA                                      "},
 {"codigo":4, "descricao":"CONCORR\u00caNCIA INTERNACIONAL                        "},
 {"codigo":5, "descricao":"PREG\u00c3O                                            "},
 {"codigo":6, "descricao":"DISPENSA DE LICITA\u00c7\u00c3O                             "},
 {"codigo":7, "descricao":"INEXIGIBILIDADE DE LICITA\u00c7\u00c3O                      "},
 {"codigo":20, "descricao":"CONCURSO                                          "},
 {"codigo":22, "descricao":"TOMADA DE PRE\u00c7OS POR T\u00c9CNICA E PRE\u00c7O              "},
 {"codigo":33, "descricao":"CONCORR\u00caNCIA POR T\u00c9CNICA E PRE\u00c7O                  "},
 {"codigo":44, "descricao":"CONCORR\u00caNCIA INTERNACIONAL POR T\u00c9CNICA E PRE\u00c7O    "},
 {"codigo":99, "descricao":"RDC"}]