[{"codigo":10, "descricao":"ARMAMENTO                                                                                                               "},
 {"codigo":11, "descricao":"MATERIAIS B\u00c9LICOS NUCLEARES                                                                                             "},
 {"codigo":12, "descricao":"EQUIPAMENTOS DE TIRO                                                                                                    "},
 {"codigo":13, "descricao":"MUNI\u00c7\u00d5ES E EXPLOSIVOS                                                                                                   "},
 {"codigo":14, "descricao":"M\u00cdSSEIS GUIADOS                                                                                                         "},
 {"codigo":15, "descricao":"AERONAVES E SEUS COMPONENTES ESTRUTURAIS                                                                                "},
 {"codigo":16, "descricao":"COMPONENTES E ACESSORIOS DE AERONAVES                                                                                   "},
 {"codigo":17, "descricao":"EQUIPAMENTOS PARA LANCAMENTOS, POUSO E MANOBRA DE AERONAVES                                                             "},
 {"codigo":18, "descricao":"VEICULOS ESPACIAIS (ASTRONAVES)                                                                                         "},
 {"codigo":19, "descricao":"NAVIOS, PEQUENAS EMBARCACOES, PONTOES E DIQUES FLUTUANTES                                                               "},
 {"codigo":20, "descricao":"EQUIPAMENTOS PARA NAVIOS E EMBARCACOES                                                                                  "},
 {"codigo":22, "descricao":"EQUIPAMENTOS FERROVI\u00c1RIOS                                                                                               "},
 {"codigo":23, "descricao":"VE\u00edCULOS                                                                                                                "},
 {"codigo":24, "descricao":"TRATORES                                                                                                                "},
 {"codigo":25, "descricao":"COMPONENTES DE VE\u00cdCULOS                                                                                                 "},
 {"codigo":26, "descricao":"PNEUS E C\u00c2MARAS DE AR                                                                                                   "},
 {"codigo":28, "descricao":"MOTORES, TURBINAS E SEUS COMPONENTES                                                                                    "},
 {"codigo":29, "descricao":"ACESS\u00d3RIOS DE MOTORES                                                                                                   "},
 {"codigo":30, "descricao":"EQUIPAMENTOS DE TRANSMISS\u00c3O DE FOR\u00c7A MEC\u00c2NICA                                                                           "},
 {"codigo":31, "descricao":"ROLAMENTOS E MANCAIS                                                                                                    "},
 {"codigo":32, "descricao":"M\u00c1QUINAS E EQUIPAMENTOS PARA TRABALHOS EM MADEIRA                                                                       "},
 {"codigo":34, "descricao":"MAQUINAS PARA TRABALHO EM METAIS                                                                                        "},
 {"codigo":35, "descricao":"EQUIPAMENTOS COMERCIAIS E DE SERVI\u00c7OS                                                                                   "},
 {"codigo":36, "descricao":"M\u00c1QUINAS PARA IND\u00daSTRIAS ESPECIALIZADAS                                                                                 "},
 {"codigo":37, "descricao":"M\u00c1QUINAS E EQUIPAMENTOS AGR\u00cdCOLAS                                                                                       "},
 {"codigo":38, "descricao":"EQUIPAMENTOS PARA CONSTRU\u00c7\u00c3O, MINERA\u00c7\u00c3O, TERRAPLENAGEM E MA-NUTEN\u00c7\u00c3O DE ESTRADAS                                        "},
 {"codigo":39, "descricao":"EQUIPAMENTOS PARA MANUSEIO DE MATERIAL                                                                                  "},
 {"codigo":40, "descricao":"CORDAS, CABOS, CORRENTES E SEUS ACESS\u00d3RIOS                                                                              "},
 {"codigo":41, "descricao":"EQUIPAMENTOS PARA REFRIGERA\u00c7\u00c3O, AR CONDICIONADO E CIRCULA\u00c7\u00c3ODE AR                                                       "},
 {"codigo":42, "descricao":"EQUIPAMENTO PARA COMBATE A INC\u00caNDIO, RESGATE E SEGURAN\u00c7A                                                                "},
 {"codigo":43, "descricao":"BOMBAS E COMPRESSORES                                                                                                   "},
 {"codigo":44, "descricao":"FORNOS, CENTRAIS DE VAPOR E EQUIPAMENTOS DE SECAGEM,  REATO-RES NUCLEARES                                               "},
 {"codigo":45, "descricao":"EQUIPAMENTO DE INSTALA\u00c7\u00d5ES HIDR\u00c1ULICAS E DE AQUECIMENTO                                                                 "},
 {"codigo":46, "descricao":"EQUIPAMENTOS PARA PURIFICA\u00c7\u00c3O DE \u00c1GUAS E TRATAMENTO DE ESGO-TOS                                                         "},
 {"codigo":47, "descricao":"CANOS, TUBOS, MANGUEIRAS E ACESS\u00d3RIOS                                                                                   "},
 {"codigo":48, "descricao":"V\u00c1LVULAS                                                                                                                "},
 {"codigo":49, "descricao":"EQUIPAMENTOS PARA OFICINAS DE MANUTEN\u00c7\u00c3O E REPAROS                                                                      "},
 {"codigo":51, "descricao":"FERRAMENTAS MANUAIS                                                                                                     "},
 {"codigo":52, "descricao":"INSTRUMENTOS DE MEDI\u00c7\u00c3O                                                                                                 "},
 {"codigo":53, "descricao":"FERRAGENS E ABRASIVOS                                                                                                   "},
 {"codigo":54, "descricao":"ESTRUTURAS E ANDAIMES PR\u00c9-FABRICADOS                                                                                    "},
 {"codigo":55, "descricao":"T\u00c1BUAS, ESQUADRIAS, COMPENSADOS E FOLHEADOS DE MADEIRA                                                                  "},
 {"codigo":56, "descricao":"MATERIAIS PARA CONSTRU\u00c7\u00c3O                                                                                               "},
 {"codigo":58, "descricao":"EQUIPAMENTOS DE COMUNICA\u00c7\u00d5ES, DETE\u00c7\u00c3O E RADIA\u00c7\u00c3O COERENTE                                                               "},
 {"codigo":59, "descricao":"COMPONENTES DE EQUIPAMENTOS EL\u00c9TRICOS E ELETR\u00d4NICOS                                                                     "},
 {"codigo":60, "descricao":"MATERIAIS, COMPONENTES, CONJUNTOS E ACESS\u00d3RIOS DE FIBRAS  \u00d3-TICAS                                                       "},
 {"codigo":61, "descricao":"CONDUTORES EL\u00c9TRICOS E EQUIPAMENTOS PARA GERA\u00c7\u00c3O  E  DISTRI-BUI\u00c7\u00c3O DE ENERGIA                                           "},
 {"codigo":62, "descricao":"EQUIPAMENTOS DE ILUMINA\u00c7\u00c3O E L\u00c2MPADAS                                                                                   "},
 {"codigo":63, "descricao":"SISTEMAS DE ALARME, SINALIZA\u00c7\u00c3O E DETEC\u00c7\u00c3O PARA SEGURAN\u00c7A                                                               "},
 {"codigo":64, "descricao":"MEDICAMENTOS, DROGAS E PRODUTOS BIOLOGICOS                                                                              "},
 {"codigo":65, "descricao":"EQUIPAMENTOS E ARTIGOS PARA USO M\u00c9DICO, DENT\u00c1RIO E VETERIN\u00c1-RIO                                                         "},
 {"codigo":66, "descricao":"INSTRUMENTOS E EQUIPAMENTOS DE LABORAT\u00d3RIO                                                                              "},
 {"codigo":67, "descricao":"EQUIPAMENTOS FOTOGR\u00c1FICOS                                                                                               "},
 {"codigo":68, "descricao":"SUBST\u00c2NCIAS E PRODUTOS QU\u00cdMICOS                                                                                         "},
 {"codigo":69, "descricao":"APARELHOS E ACESS\u00d3RIOS PARA TREINAMENTO                                                                                 "},
 {"codigo":70, "descricao":"INFORM\u00c1TICA - EQUIPAMENTOS,  PE\u00c7AS, ACESS\u00d3RIOS E SUPRIMENTOSDE TIC                                                      "},
 {"codigo":71, "descricao":"MOBILI\u00c1RIOS                                                                                                             "},
 {"codigo":72, "descricao":"UTENSILIOS E UTILIDADES DE USO DOMESTICO E COMERCIAL                                                                    "},
 {"codigo":73, "descricao":"EQUIPAMENTOS PARA PREPARAR E SERVIR ALIMENTOS                                                                           "},
 {"codigo":74, "descricao":"M\u00c1QUINAS PARA ESCRIT\u00d3RIO, SISTEMAS DE PROCESSAMENTO DE  TEX-TO E FICH\u00c1RIOS DE CLASSIFICA\u00c7\u00c3O VIS\u00cdVEL                     "},
 {"codigo":75, "descricao":"UTENS\u00cdLIOS DE ESCRIT\u00d3RIO E MATERIAL DE EXPEDIENTE                                                                       "},
 {"codigo":76, "descricao":"LIVROS, MAPAS E OUTRAS PUBLICA\u00c7\u00d5ES                                                                                      "},
 {"codigo":77, "descricao":"INSTRUMENTOS MUSICAIS, FON\u00d3GRAFOS E R\u00c1DIOS DOM\u00c9STICOS                                                                   "},
 {"codigo":78, "descricao":"EQUIPAMENTOS PARA RECREA\u00c7\u00c3O E DESPORTOS                                                                                 "},
 {"codigo":79, "descricao":"EQUIPAMENTOS E MATERIAIS PARA LIMPEZA                                                                                   "},
 {"codigo":80, "descricao":"PINC\u00c9IS, TINTAS, VEDANTES E ADESIVOS                                                                                    "},
 {"codigo":81, "descricao":"RECIPIENTES E MATERIAIS PARA ACONDICIONAMENTO E EMBALAGEM                                                               "},
 {"codigo":83, "descricao":"TECIDOS, COUROS, PELES, AVIAMENTOS, BARRACAS E BANDEIRAS                                                                "},
 {"codigo":84, "descricao":"VESTU\u00c1RIOS, EQUIPAMENTOS INDIVIDUAIS E INS\u00cdGNIAS                                                                        "},
 {"codigo":85, "descricao":"ARTIGOS DE HIGIENE                                                                                                      "},
 {"codigo":87, "descricao":"SUPRIMENTOS AGR\u00cdCOLAS                                                                                                   "},
 {"codigo":88, "descricao":"ANIMAIS VIVOS                                                                                                           "},
 {"codigo":89, "descricao":"SUBSIST\u00caNCIA                                                                                                            "},
 {"codigo":91, "descricao":"COMBUST\u00cdVEIS, LUBRIFICANTES, \u00d3LEOS E CERAS                                                                              "},
 {"codigo":93, "descricao":"MATERIAIS MANUFATURADOS, N\u00c3O MET\u00c1LICOS                                                                                  "},
 {"codigo":94, "descricao":"MAT\u00c9RIAS-PRIMAS NAO MET\u00c1LICAS                                                                                           "},
 {"codigo":95, "descricao":"BARRAS, CHAPAS E PERFILADOS MET\u00c1LICOS                                                                                   "},
 {"codigo":96, "descricao":"MIN\u00c9RIOS, MINERAIS E SEUS PRODUTOS PRIM\u00c1RIOS                                                                            "},
 {"codigo":99, "descricao":"DIVERSOS                                                                                                                "}]