[{"id":1, "codigo":"2135", "descricao":"EMPRES\u00c1RIO (INDIVIDUAL)", "ativo":1},
 {"id":2, "codigo":"2062", "descricao":"SOCIEDADE EMPRES\u00c1RIA LIMITADA", "ativo":1},
 {"id":3, "codigo":"", "descricao":"SOCIEDADE AN\u00d4NIMA", "ativo":0},
 {"id":4, "codigo":"2143", "descricao":"COOPERATIVA", "ativo":1},
 {"id":5, "codigo":"2070", "descricao":"SOCIEDADE EMPRES\u00c1RIA EM NOME COLETIVO", "ativo":1},
 {"id":6, "codigo":"", "descricao":"SOCIEDADE EM COMANDITA SIMPLES", "ativo":0},
 {"id":7, "codigo":"", "descricao":"SOCIEDADE CAPITAL IND\u00daSTRIA", "ativo":0},
 {"id":8, "codigo":"2097", "descricao":"SOCIEDADE EMPRES\u00c1RIA EM COMANDITA POR A\u00c7\u00d5ES", "ativo":1},
 {"id":9, "codigo":"2038", "descricao":"SOCIEDADE DE ECONOMIA MISTA", "ativo":1},
 {"id":10, "codigo":"3069", "descricao":"FUNDA\u00c7\u00c3O PRIVADA", "ativo":1},
 {"id":11, "codigo":"", "descricao":"SOCIEDADE CIVIL SEM FINS LUCRATIVOS E/OU UTILIDADE PUBLICA", "ativo":0},
 {"id":12, "codigo":"", "descricao":"SOCIEDADES CIVIS", "ativo":0},
 {"id":13, "codigo":"2011", "descricao":"EMPRESA P\u00daBLICA", "ativo":1},
 {"id":14, "codigo":"2194", "descricao":"ESTABELECIMENTO, NO BRASIL, DE EMPRESA BINACIONAL ARGENTINO-BRASILEIRA", "ativo":1},
 {"id":15, "codigo":"", "descricao":"AUTARQUIAS E FUNDA\u00c7\u00d5ES P\u00daBLICAS", "ativo":0},
 {"id":16, "codigo":"", "descricao":"\u00d3RG\u00c3O P\u00daBLICO", "ativo":0},
 {"id":17, "codigo":"", "descricao":"DECIS\u00c3O JUDICIAL", "ativo":0},
 {"id":18, "codigo":"2232", "descricao":"SOCIEDADE SIMPLES PURA", "ativo":1},
 {"id":19, "codigo":"2240", "descricao":"SOCIEDADE SIMPLES LIMITADA", "ativo":1},
 {"id":20, "codigo":"2259", "descricao":"SOCIEDADE SIMPLES EM NOME COLETIVO", "ativo":1},
 {"id":21, "codigo":"2267", "descricao":"SOCIEDADE SIMPLES EM COMANDITA SIMPLES", "ativo":1},
 {"id":22, "codigo":"2089", "descricao":"SOCIEDADE EMPRES\u00c1RIA EM COMANDITA SIMPLES", "ativo":1},
 {"id":23, "codigo":"3999", "descricao":"ASSOCIA\u00c7\u00c3O PRIVADA", "ativo":1},
 {"id":24, "codigo":"", "descricao":"EMPREENDEDOR INDIVIDUAL - LC 123, DE 2006 -", "ativo":0},
 {"id":25, "codigo":"2305", "descricao":"EMPRESA INDIVIDUAL DE RESPONSABILIDADE LIMITADA (DE NATUREZA EMPRES\u00c1RIA)", "ativo":1},
 {"id":26, "codigo":"3077", "descricao":"SERVI\u00c7O SOCIAL AUT\u00d4NOMO", "ativo":1},
 {"id":27, "codigo":"1015", "descricao":"\u00d3RG\u00c3O P\u00daBLICO DO PODER EXECUTIVO FEDERAL", "ativo":1},
 {"id":28, "codigo":"1023", "descricao":"\u00d3RG\u00c3O P\u00daBLICO DO PODER EXECUTIVO ESTADUAL OU DO DISTRITO FEDERAL", "ativo":1},
 {"id":29, "codigo":"1031", "descricao":"\u00d3RG\u00c3O P\u00daBLICO DO PODER EXECUTIVO MUNICIPAL", "ativo":1},
 {"id":30, "codigo":"1040", "descricao":"\u00d3RG\u00c3O P\u00daBLICO DO PODER LEGISLATIVO FEDERAL", "ativo":1},
 {"id":31, "codigo":"1058", "descricao":"\u00d3RG\u00c3O P\u00daBLICO DO PODER LEGISLATIVO ESTADUAL OU DO DISTRITO FEDERAL", "ativo":1},
 {"id":32, "codigo":"1066", "descricao":"\u00d3RG\u00c3O P\u00daBLICO DO PODER LEGISLATIVO MUNICIPAL", "ativo":1},
 {"id":33, "codigo":"1074", "descricao":"\u00d3RG\u00c3O P\u00daBLICO DO PODER JUDICI\u00c1RIO FEDERAL", "ativo":1},
 {"id":34, "codigo":"1082", "descricao":"\u00d3RG\u00c3O P\u00daBLICO DO PODER JUDICI\u00c1RIO ESTADUAL", "ativo":1},
 {"id":35, "codigo":"1104", "descricao":"AUTARQUIA FEDERAL", "ativo":1},
 {"id":36, "codigo":"1112", "descricao":"AUTARQUIA ESTADUAL OU DO DISTRITO FEDERAL", "ativo":1},
 {"id":37, "codigo":"1120", "descricao":"AUTARQUIA MUNICIPAL", "ativo":1},
 {"id":38, "codigo":"1139", "descricao":"FUNDA\u00c7\u00c3O P\u00daBLICA DE DIREITO P\u00daBLICO FEDERAL", "ativo":1},
 {"id":39, "codigo":"1147", "descricao":"FUNDA\u00c7\u00c3O P\u00daBLICA DE DIREITO P\u00daBLICO ESTADUAL OU DO DISTRITO FEDERAL", "ativo":1},
 {"id":40, "codigo":"1155", "descricao":"FUNDA\u00c7\u00c3O P\u00daBLICA DE DIREITO P\u00daBLICO MUNICIPAL", "ativo":1},
 {"id":41, "codigo":"1163", "descricao":"\u00d3RG\u00c3O P\u00daBLICO AUT\u00d4NOMO FEDERAL", "ativo":1},
 {"id":42, "codigo":"1171", "descricao":"\u00d3RG\u00c3O P\u00daBLICO AUT\u00d4NOMO ESTADUAL OU DO DISTRITO FEDERAL", "ativo":1},
 {"id":43, "codigo":"1180", "descricao":"\u00d3RG\u00c3O P\u00daBLICO AUT\u00d4NOMO MUNICIPAL", "ativo":1},
 {"id":44, "codigo":"1198", "descricao":"COMISS\u00c3O POLINACIONAL", "ativo":1},
 {"id":45, "codigo":"1201", "descricao":"FUNDO P\u00daBLICO", "ativo":1},
 {"id":46, "codigo":"1210", "descricao":"CONS\u00d3RCIO P\u00daBLICO DE DIREITO P\u00daBLICO (ASSOCIA\u00c7\u00c3O P\u00daBLICA)", "ativo":1},
 {"id":47, "codigo":"2046", "descricao":"SOCIEDADE AN\u00d4NIMA ABERTA", "ativo":1},
 {"id":48, "codigo":"2054", "descricao":"SOCIEDADE AN\u00d4NIMA FECHADA", "ativo":1},
 {"id":49, "codigo":"2127", "descricao":"SOCIEDADE EM CONTA DE PARTICIPA\u00c7\u00c3O", "ativo":1},
 {"id":50, "codigo":"2151", "descricao":"CONS\u00d3RCIO DE SOCIEDADES", "ativo":1},
 {"id":51, "codigo":"2160", "descricao":"GRUPO DE SOCIEDADES", "ativo":1},
 {"id":52, "codigo":"2178", "descricao":"ESTABELECIMENTO, NO BRASIL, DE SOCIEDADE ESTRANGEIRA", "ativo":1},
 {"id":53, "codigo":"2216", "descricao":"EMPRESA DOMICILIADA NO EXTERIOR", "ativo":1},
 {"id":54, "codigo":"2224", "descricao":"CLUBE/FUNDO DE INVESTIMENTO", "ativo":1},
 {"id":55, "codigo":"2275", "descricao":"EMPRESA BINACIONAL", "ativo":1},
 {"id":56, "codigo":"2283", "descricao":"CONS\u00d3RCIO DE EMPREGADORES", "ativo":1},
 {"id":57, "codigo":"2291", "descricao":"CONS\u00d3RCIO SIMPLES", "ativo":1},
 {"id":58, "codigo":"2313", "descricao":"EMPRESA INDIVIDUAL DE RESPONSABILIDADE LIMITADA (DE NATUREZA SIMPLES)", "ativo":1},
 {"id":59, "codigo":"3034", "descricao":"SERVI\u00c7O NOTARIAL E REGISTRAL (CART\u00d3RIO)", "ativo":1},
 {"id":60, "codigo":"3085", "descricao":"CONDOM\u00cdNIO EDIL\u00cdCIO", "ativo":1},
 {"id":61, "codigo":"3107", "descricao":"COMISS\u00c3O DE CONCILIA\u00c7\u00c3O PR\u00c9VIA", "ativo":1},
 {"id":62, "codigo":"3115", "descricao":"ENTIDADE DE MEDIA\u00c7\u00c3O E ARBITRAGEM", "ativo":1},
 {"id":63, "codigo":"", "descricao":"----", "ativo":1},
 {"id":64, "codigo":"3131", "descricao":"ENTIDADE SINDICAL", "ativo":1},
 {"id":65, "codigo":"3212", "descricao":"FUNDA\u00c7\u00c3O OU ASSOCIA\u00c7\u00c3O DOMICILIADA NO EXTERIOR", "ativo":1},
 {"id":66, "codigo":"3220", "descricao":"ORGANIZA\u00c7\u00c3O RELIGIOSA", "ativo":1},
 {"id":67, "codigo":"3239", "descricao":"COMUNIDADE IND\u00cdGENA", "ativo":1},
 {"id":68, "codigo":"3247", "descricao":"FUNDO PRIVADO", "ativo":1},
 {"id":69, "codigo":"4014", "descricao":"EMPRESA INDIVIDUAL IMOBILI\u00c1RIA", "ativo":1},
 {"id":70, "codigo":"4081", "descricao":"CONTRIBUINTE INDIVIDUAL", "ativo":1},
 {"id":71, "codigo":"4090", "descricao":"CANDIDATO A CARGO POL\u00cdTICO ELETIVO", "ativo":1},
 {"id":72, "codigo":"5010", "descricao":"ORGANIZA\u00c7\u00c3O INTERNACIONAL", "ativo":1},
 {"id":73, "codigo":"5029", "descricao":"REPRESENTA\u00c7\u00c3O DIPLOM\u00c1TICA ESTRANGEIRA", "ativo":1},
 {"id":74, "codigo":"5037", "descricao":"OUTRAS INSTITUI\u00c7\u00d5ES EXTRATERRITORIAIS", "ativo":1},
 {"id":75, "codigo":"3204", "descricao":"ESTABELECIMENTO, NO BRASIL, DE FUNDA\u00c7\u00c3O OU ASSOCIA\u00c7\u00c3O ESTRANGEIRAS", "ativo":1},
 {"id":76, "codigo":"2321", "descricao":"SOCIEDADE UNIPESSOAL DE ADVOGADOS (SOCIEDADE INDIVIDUAL DE ADVOCACIA)", "ativo":1},
 {"id":77, "codigo":"1244", "descricao":"MUNIC\u00cdPIO", "ativo":1},
 {"id":78, "codigo":"1228", "descricao":"CONS\u00d3RCIO P\u00daBLICO DE DIREITO PRIVADO (ASSOCIA\u00c7\u00c3O P\u00daBLICA OU PESSOA DE DIREITO PRIVADO SEM FINS ECON\u00d4MICOS)", "ativo":1},
 {"id":79, "codigo":"1252", "descricao":"FUNDA\u00c7\u00c3O P\u00daBLICA DE DIREITO PRIVADO FEDERAL (AUTORIZADAS POR LEI)", "ativo":1},
 {"id":80, "codigo":"4120", "descricao":"PRODUTOR RURAL (PESSOA F\u00cdSICA)", "ativo":1},
 {"id":81, "codigo":"1236", "descricao":"ESTADO OU DISTRITO FEDERAL", "ativo":1},
 {"id":82, "codigo":"1260", "descricao":"FUNDA\u00c7\u00c3O P\u00daBLICA DE DIREITO PRIVADO ESTADUAL OU DO DISTRITO FEDERAL (AUTORIZADOS POR LEI)", "ativo":1},
 {"id":83, "codigo":"1279", "descricao":"FUNDA\u00c7\u00c3O P\u00daBLICA DE DIREITO PRIVADO MUNICIPAL (AUTORIZADAS POR LEI)", "ativo":1},
 {"id":84, "codigo":"3301", "descricao":"ORGANIZA\u00c7\u00c3O SOCIAL (OS)", "ativo":1},
 {"id":85, "codigo":"2330", "descricao":"COOPERATIVAS DE CONSUMO", "ativo":1},
 {"id":86, "codigo":"3255", "descricao":"\u00d3RG\u00c3O DE DIRE\u00c7\u00c3O NACIONAL DE PARTIDO POL\u00cdTICO", "ativo":1},
 {"id":87, "codigo":"3263", "descricao":"\u00d3RG\u00c3O DE DIRE\u00c7\u00c3O REGIONAL DE PARTIDO POL\u00cdTICO", "ativo":1},
 {"id":88, "codigo":"3271", "descricao":"\u00d3RG\u00c3O DE DIRE\u00c7\u00c3O LOCAL DE PARTIDO POL\u00cdTICO", "ativo":1},
 {"id":89, "codigo":"3280", "descricao":"COMIT\u00ca FINANCEIRO DE PARTIDO POL\u00cdTICO", "ativo":1},
 {"id":90, "codigo":"3298", "descricao":"FRENTE PLEBISCIT\u00c1RIA OU REFEREND\u00c1RIA", "ativo":1},
 {"id":91, "codigo":"3310", "descricao":"DEMAIS CONDOM\u00cdNIOS", "ativo":1},
 {"id":92, "codigo":"4022", "descricao":"SEGURADO ESPECIAL", "ativo":1},
 {"id":93, "codigo":"4111", "descricao":"LEILOEIRO", "ativo":1}]