[{"id":1, "descricao":"AGRICULTURA, PECU\u00c1RIA E SERVI\u00c7OS RELACIONADOS", "ativo":1},
 {"id":2, "descricao":"PRODU\u00c7\u00c3O FLORESTAL", "ativo":1},
 {"id":3, "descricao":"PESCA E AQ\u00dcICULTURA", "ativo":1},
 {"id":5, "descricao":"EXTRA\u00c7\u00c3O DE CARV\u00c3O MINERAL", "ativo":1},
 {"id":6, "descricao":"EXTRA\u00c7\u00c3O DE PETR\u00d3LEO E G\u00c1S NATURAL", "ativo":1},
 {"id":7, "descricao":"EXTRA\u00c7\u00c3O DE MINERAIS MET\u00c1LICOS", "ativo":1},
 {"id":8, "descricao":"EXTRA\u00c7\u00c3O DE MINERAIS N\u00c3O-MET\u00c1LICOS", "ativo":1},
 {"id":9, "descricao":"ATIVIDADES DE APOIO \u00c0 EXTRA\u00c7\u00c3O DE MINERAIS", "ativo":1},
 {"id":10, "descricao":"FABRICA\u00c7\u00c3O DE PRODUTOS ALIMENT\u00cdCIOS", "ativo":1},
 {"id":11, "descricao":"FABRICA\u00c7\u00c3O DE BEBIDAS", "ativo":1},
 {"id":12, "descricao":"FABRICA\u00c7\u00c3O DE PRODUTOS DO FUMO", "ativo":1},
 {"id":13, "descricao":"FABRICA\u00c7\u00c3O DE PRODUTOS T\u00caXTEIS", "ativo":1},
 {"id":14, "descricao":"CONFEC\u00c7\u00c3O DE ARTIGOS DO VESTU\u00c1RIO E ACESS\u00d3RIOS", "ativo":1},
 {"id":15, "descricao":"PREPARA\u00c7\u00c3O DE COUROS E FABRICA\u00c7\u00c3O DE ARTEFATOS DE COURO, ARTIGOS PARA VIAGEM E CAL\u00c7ADOS", "ativo":1},
 {"id":16, "descricao":"FABRICA\u00c7\u00c3O DE PRODUTOS DE MADEIRA", "ativo":1},
 {"id":17, "descricao":"FABRICA\u00c7\u00c3O DE CELULOSE, PAPEL E PRODUTOS DE PAPEL", "ativo":1},
 {"id":18, "descricao":"IMPRESS\u00c3O E REPRODU\u00c7\u00c3O DE GRAVA\u00c7\u00d5ES", "ativo":1},
 {"id":19, "descricao":"FABRICA\u00c7\u00c3O DE COQUE, DE PRODUTOS DERIVADOS DO PETR\u00d3LEO E DE BIOCOMBUST\u00cdVEIS", "ativo":1},
 {"id":20, "descricao":"FABRICA\u00c7\u00c3O DE PRODUTOS QU\u00cdMICOS", "ativo":1},
 {"id":21, "descricao":"FABRICA\u00c7\u00c3O DE PRODUTOS FARMOQU\u00cdMICOS E FARMAC\u00caUTICOS", "ativo":1},
 {"id":22, "descricao":"FABRICA\u00c7\u00c3O DE PRODUTOS DE BORRACHA E DE MATERIAL PL\u00c1STICO", "ativo":1},
 {"id":23, "descricao":"FABRICA\u00c7\u00c3O DE PRODUTOS DE MINERAIS N\u00c3O-MET\u00c1LICOS", "ativo":1},
 {"id":24, "descricao":"METALURGIA", "ativo":1},
 {"id":25, "descricao":"FABRICA\u00c7\u00c3O DE PRODUTOS DE METAL, EXCETO M\u00c1QUINAS E EQUIPAMENTOS", "ativo":1},
 {"id":26, "descricao":"FABRICA\u00c7\u00c3O DE EQUIPAMENTOS DE INFORM\u00c1TICA, PRODUTOS ELETR\u00d4NICOS E \u00d3PTICOS", "ativo":1},
 {"id":27, "descricao":"FABRICA\u00c7\u00c3O DE M\u00c1QUINAS, APARELHOS E MATERIAIS EL\u00c9TRICOS", "ativo":1},
 {"id":28, "descricao":"FABRICA\u00c7\u00c3O DE M\u00c1QUINAS E EQUIPAMENTOS", "ativo":1},
 {"id":29, "descricao":"FABRICA\u00c7\u00c3O DE VE\u00cdCULOS AUTOMOTORES, REBOQUES E CARROCERIAS", "ativo":1},
 {"id":30, "descricao":"FABRICA\u00c7\u00c3O DE OUTROS EQUIPAMENTOS DE TRANSPORTE, EXCETO VE\u00cdCULOS AUTOMOTORES", "ativo":1},
 {"id":31, "descricao":"FABRICA\u00c7\u00c3O DE M\u00d3VEIS", "ativo":1},
 {"id":32, "descricao":"FABRICA\u00c7\u00c3O DE PRODUTOS DIVERSOS", "ativo":1},
 {"id":33, "descricao":"MANUTEN\u00c7\u00c3O, REPARA\u00c7\u00c3O E INSTALA\u00c7\u00c3O DE M\u00c1QUINAS E EQUIPAMENTOS", "ativo":1},
 {"id":35, "descricao":"ELETRICIDADE, G\u00c1S E OUTRAS UTILIDADES", "ativo":1},
 {"id":36, "descricao":"CAPTA\u00c7\u00c3O, TRATAMENTO E DISTRIBUI\u00c7\u00c3O DE \u00c1GUA", "ativo":1},
 {"id":37, "descricao":"ESGOTO E ATIVIDADES RELACIONADAS", "ativo":1},
 {"id":38, "descricao":"COLETA, TRATAMENTO E DISPOSI\u00c7\u00c3O DE RES\u00cdDUOS; RECUPERA\u00c7\u00c3O DE MATERIAIS", "ativo":1},
 {"id":39, "descricao":"DESCONTAMINA\u00c7\u00c3O E OUTROS SERVI\u00c7OS DE GEST\u00c3O DE RES\u00cdDUOS", "ativo":1},
 {"id":41, "descricao":"CONSTRU\u00c7\u00c3O DE EDIF\u00cdCIOS", "ativo":1},
 {"id":42, "descricao":"OBRAS DE INFRA-ESTRUTURA", "ativo":1},
 {"id":43, "descricao":"SERVI\u00c7OS ESPECIALIZADOS PARA CONSTRU\u00c7\u00c3O", "ativo":1},
 {"id":45, "descricao":"COM\u00c9RCIO E REPARA\u00c7\u00c3O DE VE\u00cdCULOS AUTOMOTORES E MOTOCICLETAS", "ativo":1},
 {"id":46, "descricao":"COM\u00c9RCIO POR ATACADO, EXCETO VE\u00cdCULOS AUTOMOTORES E MOTOCICLETAS", "ativo":1},
 {"id":47, "descricao":"COM\u00c9RCIO VAREJISTA", "ativo":1},
 {"id":49, "descricao":"TRANSPORTE TERRESTRE", "ativo":1},
 {"id":50, "descricao":"TRANSPORTE AQUAVI\u00c1RIO", "ativo":1},
 {"id":51, "descricao":"TRANSPORTE A\u00c9REO", "ativo":1},
 {"id":52, "descricao":"ARMAZENAMENTO E ATIVIDADES AUXILIARES DOS TRANSPORTES", "ativo":1},
 {"id":53, "descricao":"CORREIO E OUTRAS ATIVIDADES DE ENTREGA", "ativo":1},
 {"id":55, "descricao":"ALOJAMENTO", "ativo":1},
 {"id":56, "descricao":"ALIMENTA\u00c7\u00c3O", "ativo":1},
 {"id":58, "descricao":"EDI\u00c7\u00c3O E EDI\u00c7\u00c3O INTEGRADA \u00c0 IMPRESS\u00c3O", "ativo":1},
 {"id":59, "descricao":"ATIVIDADES CINEMATOGR\u00c1FICAS, PRODU\u00c7\u00c3O DE V\u00cdDEOS E DE PROGRAMAS DE TELEVIS\u00c3O; GRAVA\u00c7\u00c3O DE SOM E EDI\u00c7\u00c3O DE M\u00daSICA", "ativo":1},
 {"id":60, "descricao":"ATIVIDADES DE R\u00c1DIO E DE TELEVIS\u00c3O", "ativo":1},
 {"id":61, "descricao":"TELECOMUNICA\u00c7\u00d5ES", "ativo":1},
 {"id":62, "descricao":"ATIVIDADES DOS SERVI\u00c7OS DE TECNOLOGIA DA INFORMA\u00c7\u00c3O", "ativo":1},
 {"id":63, "descricao":"ATIVIDADES DE PRESTA\u00c7\u00c3O DE SERVI\u00c7OS DE INFORMA\u00c7\u00c3O", "ativo":1},
 {"id":64, "descricao":"ATIVIDADES DE SERVI\u00c7OS FINANCEIROS", "ativo":1},
 {"id":65, "descricao":"SEGUROS, RESSEGUROS, PREVID\u00caNCIA COMPLEMENTAR E PLANOS DE SA\u00daDE", "ativo":1},
 {"id":66, "descricao":"ATIVIDADES AUXILIARES DOS SERVI\u00c7OS FINANCEIROS, SEGUROS, PREVID\u00caNCIA COMPLEMENTAR E PLANOS DE SA\u00daDE", "ativo":1},
 {"id":68, "descricao":"ATIVIDADES IMOBILI\u00c1RIAS", "ativo":1},
 {"id":69, "descricao":"ATIVIDADES JUR\u00cdDICAS, DE CONTABILIDADE E DE AUDITORIA", "ativo":1},
 {"id":70, "descricao":"ATIVIDADES DE SEDES DE EMPRESAS E DE CONSULTORIA EM GEST\u00c3O EMPRESARIAL", "ativo":1},
 {"id":71, "descricao":"SERVI\u00c7OS DE ARQUITETURA E ENGENHARIA; TESTES E AN\u00c1LISES T\u00c9CNICAS", "ativo":1},
 {"id":72, "descricao":"PESQUISA E DESENVOLVIMENTO CIENT\u00cdFICO", "ativo":1},
 {"id":73, "descricao":"PUBLICIDADE E PESQUISA DE MERCADO", "ativo":1},
 {"id":74, "descricao":"OUTRAS ATIVIDADES PROFISSIONAIS, CIENT\u00cdFICAS E T\u00c9CNICAS", "ativo":1},
 {"id":75, "descricao":"ATIVIDADES VETERIN\u00c1RIAS", "ativo":1},
 {"id":77, "descricao":"ALUGU\u00c9IS N\u00c3O-IMOBILI\u00c1RIOS E GEST\u00c3O DE ATIVOS INTANG\u00cdVEIS N\u00c3O-FINANCEIROS", "ativo":1},
 {"id":78, "descricao":"SELE\u00c7\u00c3O, AGENCIAMENTO E LOCA\u00c7\u00c3O DE M\u00c3O-DE-OBRA", "ativo":1},
 {"id":79, "descricao":"AG\u00caNCIAS DE VIAGENS, OPERADORES TUR\u00cdSTICOS E SERVI\u00c7OS DE RESERVAS", "ativo":1},
 {"id":80, "descricao":"ATIVIDADES DE VIGIL\u00c2NCIA, SEGURAN\u00c7A E INVESTIGA\u00c7\u00c3O", "ativo":1},
 {"id":81, "descricao":"SERVI\u00c7OS PARA EDIF\u00cdCIOS E ATIVIDADES PAISAG\u00cdSTICAS", "ativo":1},
 {"id":82, "descricao":"SERVI\u00c7OS DE ESCRIT\u00d3RIO, DE APOIO ADMINISTRATIVO E OUTROS SERVI\u00c7OS PRESTADOS \u00c0S EMPRESAS", "ativo":1},
 {"id":84, "descricao":"ADMINISTRA\u00c7\u00c3O P\u00daBLICA, DEFESA E SEGURIDADE SOCIAL", "ativo":1},
 {"id":85, "descricao":"EDUCA\u00c7\u00c3O", "ativo":1},
 {"id":86, "descricao":"ATIVIDADES DE ATEN\u00c7\u00c3O \u00c0 SA\u00daDE HUMANA", "ativo":1},
 {"id":87, "descricao":"ATIVIDADES DE ATEN\u00c7\u00c3O \u00c0 SA\u00daDE HUMANA INTEGRADAS COM ASSIST\u00caNCIA SOCIAL, PRESTADAS EM RESID\u00caNCIAS COLETIVAS E PARTICULARES", "ativo":1},
 {"id":88, "descricao":"SERVI\u00c7OS DE ASSIST\u00caNCIA SOCIAL SEM ALOJAMENTO", "ativo":1},
 {"id":90, "descricao":"ATIVIDADES ART\u00cdSTICAS, CRIATIVAS E DE ESPET\u00c1CULOS", "ativo":1},
 {"id":91, "descricao":"ATIVIDADES LIGADAS AO PATRIM\u00d4NIO CULTURAL E AMBIENTAL", "ativo":1},
 {"id":92, "descricao":"ATIVIDADES DE EXPLORA\u00c7\u00c3O DE JOGOS DE AZAR E APOSTAS", "ativo":1},
 {"id":93, "descricao":"ATIVIDADES ESPORTIVAS E DE RECREA\u00c7\u00c3O E LAZER", "ativo":1},
 {"id":94, "descricao":"ATIVIDADES DE ORGANIZA\u00c7\u00d5ES ASSOCIATIVAS", "ativo":1},
 {"id":95, "descricao":"REPARA\u00c7\u00c3O E MANUTEN\u00c7\u00c3O DE EQUIPAMENTOS DE INFORM\u00c1TICA E COMUNICA\u00c7\u00c3O E DE OBJETOS PESSOAIS E DOM\u00c9STICOS", "ativo":1},
 {"id":96, "descricao":"OUTRAS ATIVIDADES DE SERVI\u00c7OS PESSOAIS", "ativo":1},
 {"id":97, "descricao":"SERVI\u00c7OS DOM\u00c9STICOS", "ativo":1},
 {"id":99, "descricao":"ORGANISMOS INTERNACIONAIS E OUTRAS INSTITUI\u00c7\u00d5ES EXTRATERRITORIAIS", "ativo":1}]