[{"id":1, "descricao":"Advert\u00eancia - Lei n\u00ba 8666/93, art. 87, inc. I"},
 {"id":2, "descricao":"Multa - Lei n\u00ba 8666/93, art. 87, inc. II"},
 {"id":3, "descricao":"Suspens\u00e3o Tempor\u00e1ria - Lei n\u00ba 8666/93, art. 87, inc. III"},
 {"id":4, "descricao":"Declara\u00e7\u00e3o de Inidoneidade - Lei n\u00ba 8666/93, art. 87, inc. IV"},
 {"id":5, "descricao":"Impedimento de Licitar e Contratar - Lei n\u00ba 10.520/02, art. 7\u00ba"},
 {"id":6, "descricao":"Inativa\u00e7\u00e3o a Pedido do Fornecedor"},
 {"id":7, "descricao":"Outros Tipos de Ocorr\u00eancia"},
 {"id":8, "descricao":"Legado"},
 {"id":9, "descricao":"Reativa\u00e7\u00e3o a Pedido do Fornecedor"},
 {"id":10, "descricao":"Din\u00e2mica"},
 {"id":1, "descricao":"Advert\u00eancia - Lei n\u00ba 8666/93, art. 87, inc. I"},
 {"id":2, "descricao":"Multa - Lei n\u00ba 8666/93, art. 87, inc. II"},
 {"id":3, "descricao":"Suspens\u00e3o Tempor\u00e1ria - Lei n\u00ba 8666/93, art. 87, inc. III"},
 {"id":4, "descricao":"Declara\u00e7\u00e3o de Inidoneidade - Lei n\u00ba 8666/93, art. 87, inc. IV"},
 {"id":5, "descricao":"Impedimento de Licitar e Contratar - Lei n\u00ba 10.520/02, art. 7\u00ba"},
 {"id":6, "descricao":"Inativa\u00e7\u00e3o a Pedido do Fornecedor"},
 {"id":7, "descricao":"Outros Tipos de Ocorr\u00eancia"},
 {"id":8, "descricao":"Legado"},
 {"id":9, "descricao":"Reativa\u00e7\u00e3o a Pedido do Fornecedor"},
 {"id":10, "descricao":"Din\u00e2mica"}]